DESARROLLADORA,PROYECTO,N INMUEBLE,MODELO,AREA TOTAL,QUE FALTA
GRUPO LAR,DISTRITO 34,503,B-503,68.07,dormitorios
GRUPO LAR,DISTRITO 34,1804,B-1804,54.82,dormitorios; vista
AMMA,TORRE MARSANO 28,909,X09,2026-09-26 00:00:00,area
GRUPO LAR,DISTRITO 34,907,B-907,68.07,dormitorios
GRUPO LAR,DISTRITO 34,1107,B-1107,68.07,dormitorios
MARCAN,TIME ARAMBURÚ,215,OFICINA,2026-02-27 00:00:00,area
AMMA,TORRE MARSANO 28,1109,X09,2026-09-26 00:00:00,area
GRUPO LAR,DISTRITO 34,507,B-507,68.07,dormitorios
AMMA,TORRE MARSANO 28,809,X09,2026-09-26 00:00:00,area
GRUPO LAR,DISTRITO 34,803,B-803,68.07,dormitorios
GRUPO LAR,DISTRITO 34,501,B-501,52.77,dormitorios
GRUPO LAR,DISTRITO 34,301,B-301,52.77,dormitorios
MARCAN,TIME ARAMBURÚ,201,OFICINA,2026-01-28 00:00:00,area
MARCAN,TIME ARAMBURÚ,216,OFICINA,2026-01-28 00:00:00,area
AMMA,TORRE MARSANO 28,1009,X09,2026-09-26 00:00:00,area
GRUPO LAR,DISTRITO 34,401,B-401,52.77,dormitorios
AMMA,TORRE MARSANO 28,1309,X09,2026-09-26 00:00:00,area
INMGENIO,INGREEN,501,TIPO X01,107.99,dormitorios
INMGENIO,INGREEN,201,TIPO X01,107.99,dormitorios
INMGENIO,INGREEN,605,TIPO X05,150.32,dormitorios
INMGENIO,INGREEN,603,TIPO X03,169.02,dormitorios
INMGENIO,INGREEN,202,TIPO X02,108.03,dormitorios
INMGENIO,INGREEN,205,TIPO X05,80.02,dormitorios
INMGENIO,INGREEN,203,TIPO X03,108.1,dormitorios
INMGENIO,INGREEN,503,TIPO X03,108.1,dormitorios
INMGENIO,INGREEN,502,TIPO X02,108.03,dormitorios
INMGENIO,INGREEN,604,TIPO X04,137.21,dormitorios
INMGENIO,INGREEN,403,TIPO X03,108.1,dormitorios
INMGENIO,INGREEN,1,TIPO X01,144.37,dormitorios
GRUPO T&C,COSTANOVA,1801,TIPO 1 (201-2201),2026-12-27 00:00:00,area
IMAGINA,CONCEPTO OCEAN BREATH,1405,DPTO 205 AL 2105,61.16,dormitorios
IMAGINA,CONCEPTO OCEAN BREATH,1706,DPTO 206 AL 2106,65.53,dormitorios
GRUPO T&C,COSTANOVA,301,TIPO 1 (201-2201),2026-12-27 00:00:00,area
GRUPO MG,ALBORADA I - A,206,X06,69,dormitorios
IMAGINA,CONCEPTO OCEAN BREATH,2106,DPTO 206 AL 2106,65.53,dormitorios
GRUPO T&C,COSTANOVA,1701,TIPO 1 (201-2201),2026-12-27 00:00:00,area
GRUPO MG,LUMA - A,407,X07,63.04,dormitorios
GRUPO MG,LUMA - A,404,X04,55.79,dormitorios
GRUPO MG,LUMA - A,213,X13,52.46,dormitorios
GRUPO MG,LUMA - A,110,X10,40.3,dormitorios
GRUPO MG,LUMA - A,105,X05,49.75,dormitorios
IMAGINA,CONCEPTO OCEAN BREATH,1905,DPTO 205 AL 2105,61.16,dormitorios
IMAGINA,CONCEPTO OCEAN BREATH,2105,DPTO 205 AL 2105,61.16,dormitorios
GRUPO T&C,COSTANOVA,1001,TIPO 1 (201-2201),2026-12-27 00:00:00,area
GRUPO T&C,COSTANOVA,401,TIPO 1 (201-2201),2026-12-27 00:00:00,area
GRUPO T&C,COSTANOVA,701,TIPO 1 (201-2201),2026-12-27 00:00:00,area
IMAGINA,CONCEPTO OCEAN BREATH,1502,DPTO 202 AL 2102,61.16,dormitorios
URBANA,ALLEGRO,605,,63.4,vista
IMAGINA,CONCEPTO OCEAN BREATH,1906,DPTO 206 AL 2106,65.53,dormitorios
IMAGINA,CONCEPTO OCEAN BREATH,305,DPTO 205 AL 2105,61.16,dormitorios
IMAGINA,CONCEPTO OCEAN BREATH,401,DPTO 201 AL 2101,65.53,dormitorios
IMAGINA,FAMILY TOO,2205,DPTO 905.1005.1905.2105.2205,66.75,dormitorios
IMAGINA,CONCEPTO OCEAN BREATH,901,DPTO 201 AL 2101,65.53,dormitorios
GRUPO T&C,COSTANOVA,1519,TIPO 19 (219-2219),2026-08-23 00:00:00,area
IMAGINA,CONCEPTO OCEAN BREATH,801,DPTO 201 AL 2101,65.53,dormitorios
IMAGINA,CONCEPTO OCEAN BREATH,2002,DPTO 202 AL 2102,61.16,dormitorios
IMAGINA,CONCEPTO OCEAN BREATH,1901,DPTO 201 AL 2101,65.53,dormitorios
GRUPO MG,LUMA - A,612,X12,50.81,dormitorios
GRUPO MG,LUMA - A,506,X06,53.05,dormitorios
GRUPO MG,LUMA - A,405,X05,55.66,dormitorios
GRUPO MG,LUMA - A,312,X12,50.81,dormitorios
GRUPO MG,LUMA - A,304,X04,55.79,dormitorios
GRUPO MG,LUMA - A,205,X05,55.27,dormitorios
GRUPO MG,LUMA - A,107,X07,51.4,dormitorios
GRUPO MG,LUMA - A,605,X05,55.66,dormitorios
GRUPO MG,LUMA - A,510,X10,51.07,dormitorios
CÁDIZ INMOBILIARIA,VIGO,703,X03,2026-05-30 00:00:00,area
GRUPO MG,LUMA - A,511,X11,51.03,dormitorios
GRUPO MG,LUMA - A,504,X04,55.79,dormitorios
GRUPO MG,LUMA - A,507,X07,63.04,dormitorios
GRUPO MG,LUMA - A,505,X05,55.66,dormitorios
GRUPO MG,LUMA - A,416,X16,50.96,dormitorios
URBANA,ALLEGRO,101,,62.49,vista
CÁDIZ INMOBILIARIA,VIGO,903,X03,2026-05-30 00:00:00,area
GRUPO MG,LUMA - A,611,X11,51.03,dormitorios
URBANA,ALLEGRO,901,,62.49,vista
GRUPO MG,ALBORADA II,1613,X13,65,dormitorios
GRUPO MG,ALBORADA I - A,1204,X04,76,dormitorios
GRUPO MG,ALBORADA I - A,102,X02,72,dormitorios
CÁDIZ INMOBILIARIA,VIGO,1103,X03,2026-05-30 00:00:00,area
GRUPO MG,ALBORADA I - A,202,X02,76.6,dormitorios
GRUPO T&C,COSTANOVA,1101,TIPO 1 (201-2201),2026-12-27 00:00:00,area
IMAGINA,CONCEPTO OCEAN BREATH,1201,DPTO 201 AL 2101,65.53,dormitorios
GRUPO MG,ALBORADA II,108,X08,65.3,dormitorios
GRUPO T&C,COSTANOVA,1601,TIPO 1 (201-2201),2026-12-27 00:00:00,area
ALBAMAR,MATCH,703,B,69.79,dormitorios
GRUPO T&C,COSTANOVA,1501,TIPO 1 (201-2201),2026-12-27 00:00:00,area
IMAGINA,CONCEPTO OCEAN BREATH,1806,DPTO 206 AL 2106,65.53,dormitorios
GRUPO MG,LUMA - A,606,X06,53.05,dormitorios
GRUPO T&C,COSTANOVA,2201,TIPO 1 (201-2201),2026-12-27 00:00:00,area
GRUPO MG,LUMA - A,514,X14,52.46,dormitorios
GRUPO MG,LUMA - A,704,X04,55.79,dormitorios
IMAGINA,CONCEPTO OCEAN BREATH,2001,DPTO 201 AL 2101,65.53,dormitorios
IMAGINA,CONCEPTO OCEAN BREATH,1702,DPTO 202 AL 2102,61.16,dormitorios
IMAGINA,CONCEPTO OCEAN BREATH,405,DPTO 205 AL 2105,61.16,dormitorios
IMAGINA,CONCEPTO OCEAN BREATH,606,DPTO 206 AL 2106,65.53,dormitorios
IMAGINA,CONCEPTO OCEAN BREATH,1902,DPTO 202 AL 2102,61.16,dormitorios
IMAGINA,CONCEPTO OCEAN BREATH,902,DPTO 202 AL 2102,61.16,dormitorios
IMAGINA,CONCEPTO OCEAN BREATH,1202,DPTO 202 AL 2102,61.16,dormitorios
IMAGINA,CONCEPTO OCEAN BREATH,201,DPTO 201 AL 2101,65.53,dormitorios
IMAGINA,CONCEPTO OCEAN BREATH,1005,DPTO 205 AL 2105,61.16,dormitorios
IMAGINA,CONCEPTO OCEAN BREATH,1406,DPTO 206 AL 2106,65.53,dormitorios
IMAGINA,CONCEPTO OCEAN BREATH,1306,DPTO 206 AL 2106,65.53,dormitorios
IMAGINA,CONCEPTO OCEAN BREATH,1305,DPTO 205 AL 2105,61.16,dormitorios
URBANA,ALLEGRO,801,,62.49,vista
IMAGINA,CONCEPTO OCEAN BREATH,1302,DPTO 202 AL 2102,61.16,dormitorios
IMAGINA,CONCEPTO OCEAN BREATH,702,DPTO 202 AL 2102,61.16,dormitorios
IMAGINA,CONCEPTO OCEAN BREATH,2005,DPTO 205 AL 2105,61.16,dormitorios
IMAGINA,CONCEPTO OCEAN BREATH,701,DPTO 201 AL 2101,65.53,dormitorios
IMAGINA,CONCEPTO OCEAN BREATH,601,DPTO 201 AL 2101,65.53,dormitorios
GRUPO T&C,COSTANOVA,901,TIPO 1 (201-2201),2026-12-27 00:00:00,area
URBANA,ALLEGRO,1101,,62.49,vista
GRUPO MG,ALBORADA I - A,307,X07,73.5,dormitorios
GRUPO T&C,COSTANOVA,1019,TIPO 19 (219-2219),2026-08-23 00:00:00,area
URBANA,ALLEGRO,104,,59.6,vista
IMAGINA,CONCEPTO OCEAN BREATH,1801,DPTO 201 AL 2101,65.53,dormitorios
GRUPO MG,LUMA - A,214,X14,51.38,dormitorios
GRUPO MG,LUMA - A,215,X15,50.96,dormitorios
GRUPO MG,LUMA - A,306,X06,53.05,dormitorios
IMAGINA,CONCEPTO OCEAN BREATH,1805,DPTO 205 AL 2105,61.16,dormitorios
GRUPO MG,LUMA - A,406,X06,53.05,dormitorios
GRUPO T&C,COSTANOVA,1901,TIPO 1 (201-2201),2026-12-27 00:00:00,area
IMAGINA,CONCEPTO OCEAN BREATH,1802,DPTO 202 AL 2102,61.16,dormitorios
IMAGINA,CONCEPTO OCEAN BREATH,1709,DPTO 309 AL 2109,78.07,dormitorios
IMAGINA,CONCEPTO OCEAN BREATH,1705,DPTO 205 AL 2105,61.16,dormitorios
IMAGINA,CONCEPTO OCEAN BREATH,1609,DPTO 309 AL 2109,78.07,dormitorios
IMAGINA,CONCEPTO OCEAN BREATH,1402,DPTO 202 AL 2102,61.16,dormitorios
IMAGINA,CONCEPTO OCEAN BREATH,306,DPTO 206 AL 2106,65.53,dormitorios
IMAGINA,CONCEPTO OCEAN BREATH,502,DPTO 202 AL 2102,61.16,dormitorios
IMAGINA,CONCEPTO OCEAN BREATH,602,DPTO 202 AL 2102,61.16,dormitorios
IMAGINA,CONCEPTO OCEAN BREATH,1601,DPTO 201 AL 2101,65.53,dormitorios
IMAGINA,CONCEPTO OCEAN BREATH,1101,DPTO 201 AL 2101,65.53,dormitorios
IMAGINA,CONCEPTO OCEAN BREATH,1002,DPTO 202 AL 2102,61.16,dormitorios
IMAGINA,CONCEPTO OCEAN BREATH,2006,DPTO 206 AL 2106,65.53,dormitorios
IMAGINA,CONCEPTO OCEAN BREATH,1105,DPTO 205 AL 2105,61.16,dormitorios
IMAGINA,CONCEPTO OCEAN BREATH,1809,DPTO 309 AL 2109,78.07,dormitorios
IMAGINA,CONCEPTO OCEAN BREATH,1409,DPTO 309 AL 2109,78.07,dormitorios
IMAGINA,CONCEPTO OCEAN BREATH,1701,DPTO 201 AL 2101,65.53,dormitorios
IMAGINA,CONCEPTO OCEAN BREATH,1602,DPTO 202 AL 2102,61.16,dormitorios
IMAGINA,CONCEPTO OCEAN BREATH,1506,DPTO 206 AL 2106,65.53,dormitorios
IMAGINA,CONCEPTO OCEAN BREATH,1501,DPTO 201 AL 2101,65.53,dormitorios
IMAGINA,CONCEPTO OCEAN BREATH,1401,DPTO 201 AL 2101,65.53,dormitorios
IMAGINA,CONCEPTO OCEAN BREATH,1301,DPTO 201 AL 2101,65.53,dormitorios
IMAGINA,CONCEPTO OCEAN BREATH,1205,DPTO 205 AL 2105,61.16,dormitorios
IMAGINA,CONCEPTO OCEAN BREATH,1102,DPTO 202 AL 2102,61.16,dormitorios
IMAGINA,CONCEPTO OCEAN BREATH,905,DPTO 205 AL 2105,61.16,dormitorios
IMAGINA,CONCEPTO OCEAN BREATH,705,DPTO 205 AL 2105,61.16,dormitorios
IMAGINA,CONCEPTO OCEAN BREATH,506,DPTO 206 AL 2106,65.53,dormitorios
IMAGINA,CONCEPTO OCEAN BREATH,505,DPTO 205 AL 2105,61.16,dormitorios
IMAGINA,CONCEPTO OCEAN BREATH,301,DPTO 201 AL 2101,65.53,dormitorios
IMAGINA,CONCEPTO OCEAN BREATH,101,DPTO 101,97.02,dormitorios
IMAGINA,CONCEPTO OCEAN BREATH,1605,DPTO 205 AL 2105,61.16,dormitorios
GRUPO T&C,COSTANOVA,1119,TIPO 19 (219-2219),2026-08-23 00:00:00,area
GRUPO T&C,COSTANOVA,2101,TIPO 1 (201-2201),2026-12-27 00:00:00,area
GRUPO MG,LUMA - A,604,X04,55.79,dormitorios
GRUPO MG,LUMA - A,209,X09,51.07,dormitorios
GRUPO MG,LUMA - A,316,X16,50.96,dormitorios
CÁDIZ INMOBILIARIA,VIGO,503,X03,2026-05-30 00:00:00,area
IMAGINA,CONCEPTO OCEAN BREATH,1909,DPTO 309 AL 2109,78.07,dormitorios
GRUPO MG,ALBORADA I - A,105,X05,97,dormitorios
GRUPO MG,LUMA - A,415,X15,51.38,dormitorios
GRUPO T&C,COSTANOVA,601,TIPO 1 (201-2201),2026-12-27 00:00:00,area
GRUPO T&C,COSTANOVA,501,TIPO 1 (201-2201),2026-12-27 00:00:00,area
GRUPO MG,MAR DE PLATA II,907,X07,66.2,dormitorios
ALBAMAR,MATCH,1203,B,69.79,dormitorios
GRUPO MG,MAR DE PLATA II,1706,X06,67.2,dormitorios
GRUPO T&C,COSTANOVA,319,TIPO 19 (219-2219),2026-08-23 00:00:00,area
GRUPO MG,MAR DE PLATA II,1904,X04,67.2,dormitorios
GRUPO MG,LUMA - A,109,X09,49.55,dormitorios
GRUPO MG,LUMA - A,412,X12,50.81,dormitorios
GRUPO MG,LUMA - A,114,X14,55.75,dormitorios
GRUPO MG,LUMA - A,108,X08,50.35,dormitorios
IMAGINA,CONCEPTO OCEAN BREATH,2101,DPTO 201 AL 2101,65.53,dormitorios
GRUPO MG,LUMA - A,307,X07,63.04,dormitorios
GRUPO MG,LUMA - A,305,X05,55.66,dormitorios
GRUPO MG,LUMA - A,414,X14,52.46,dormitorios
GRUPO MG,LUMA - A,210,X10,51.03,dormitorios
GRUPO MG,LUMA - A,212,X12,51.9,dormitorios
GRUPO MG,LUMA - A,211,X11,50.81,dormitorios
GRUPO MG,LUMA - A,413,X13,51.9,dormitorios
GRUPO MG,LUMA - A,106,X06,50.6,dormitorios
GRUPO MG,LUMA - A,315,X15,51.38,dormitorios
GRUPO MG,LUMA - A,310,X10,51.07,dormitorios
GRUPO MG,LUMA - A,313,X13,51.9,dormitorios
GRUPO MG,LUMA - A,311,X11,51.03,dormitorios
IMAGINA,CONCEPTO OCEAN BREATH,2102,DPTO 202 AL 2102,61.16,dormitorios
IMAGINA,CONCEPTO OCEAN BREATH,2009,DPTO 309 AL 2109,78.07,dormitorios
GRUPO MG,LUMA - A,410,X10,51.07,dormitorios
GRUPO MG,LUMA - A,411,X11,51.03,dormitorios
GRUPO MG,LUMA - A,314,X14,52.46,dormitorios
GRUPO MG,ALBORADA I - A,402,X02,76.6,dormitorios
GRUPO MG,ALBORADA II,1615,X15,94.6,dormitorios
GRUPO MG,ALBORADA II,1610,X10,90,dormitorios
GRUPO T&C,COSTANOVA,1419,TIPO 19 (219-2219),2026-08-23 00:00:00,area
CÁDIZ INMOBILIARIA,VIGO,303,X03,2026-05-30 00:00:00,area
GRUPO MG,MAR DE PLATA II,1308,X08,67.5,dormitorios
URBANA,ALLEGRO,1001,,62.49,vista
GRUPO T&C,COSTANOVA,1219,TIPO 19 (219-2219),2026-08-23 00:00:00,area
GRUPO T&C,COSTANOVA,1201,TIPO 1 (201-2201),2026-12-27 00:00:00,area
GRUPO MG,LUMA - A,515,X15,51.38,dormitorios
ALBAMAR,MATCH,803,B,69.79,dormitorios
GRUPO MG,LUMA - A,905,X05,55.66,dormitorios
ALBAMAR,MATCH,603,B,69.79,dormitorios
GRUPO T&C,COSTANOVA,419,TIPO 19 (219-2219),2026-08-23 00:00:00,area
GRUPO MG,LUMA - A,805,X05,55.66,dormitorios
GRUPO MG,LUMA - A,804,X04,55.79,dormitorios
GRUPO MG,LUMA - A,513,X13,51.9,dormitorios
GDC,PARK SAN MIGUEL,702,X07,108.1,vista
GRUPO T&C,BERTOLOTTO 3,1705,TIPO 16,106.13,dormitorios
GRUPO T&C,BERTOLOTTO 3,1704,TIPO 15,177.39,dormitorios
CÁDIZ INMOBILIARIA,VIGO,504,X04,2026-05-30 00:00:00,area
ALBAMAR,MATCH,2003,B,69.42,dormitorios
CÁDIZ INMOBILIARIA,VIGO,1104,X04,2026-05-30 00:00:00,area
CÁDIZ INMOBILIARIA,VIGO,304,X04,2026-05-30 00:00:00,area
GRUPO MG,LUMA - A,705,X05,55.66,dormitorios
GRUPO T&C,COSTANOVA,109,TIPO 18A (109),2026-04-30 00:00:00,area
GRUPO MG,LUMA - A,806,X06,53.05,dormitorios
GRUPO MG,LUMA - A,904,X04,55.79,dormitorios
GRUPO MG,ALBORADA I - A,104,X04,75.5,dormitorios
GRUPO MG,LUMA - A,714,X14,52.46,dormitorios
GRUPO MG,LUMA - A,516,X16,50.96,dormitorios
GRUPO MG,MAR DE PLATA II,1606,X06,67.2,dormitorios
GRUPO MG,LUMA - A,512,X12,50.81,dormitorios
GRUPO MG,LUMA - A,906,X06,53.05,dormitorios
CÁDIZ INMOBILIARIA,VIGO,704,X04,2026-05-30 00:00:00,area
GRUPO MG,LUMA - A,706,X06,53.05,dormitorios
GRUPO T&C,COSTANOVA,1301,TIPO 1 (201-2201),2026-12-27 00:00:00,area
IMAGINA,CONCEPTO OCEAN BREATH,1606,DPTO 206 AL 2106,65.53,dormitorios
IMAGINA,CONCEPTO OCEAN BREATH,102,DPTO 102,85.88,dormitorios
IMAGINA,CONCEPTO OCEAN BREATH,104,DPTO 104,85.33,dormitorios
IMAGINA,CONCEPTO OCEAN BREATH,302,DPTO 202 AL 2102,61.16,dormitorios
IMAGINA,CONCEPTO OCEAN BREATH,309,DPTO 309 AL 2109,78.07,dormitorios
IMAGINA,CONCEPTO OCEAN BREATH,1505,DPTO 205 AL 2105,61.16,dormitorios
IMAGINA,CONCEPTO OCEAN BREATH,605,DPTO 205 AL 2105,61.16,dormitorios
IMAGINA,CONCEPTO OCEAN BREATH,706,DPTO 206 AL 2106,65.53,dormitorios
IMAGINA,CONCEPTO OCEAN BREATH,805,DPTO 205 AL 2105,61.16,dormitorios
IMAGINA,CONCEPTO OCEAN BREATH,1001,DPTO 201 AL 2101,65.53,dormitorios
CÁDIZ INMOBILIARIA,VIGO,904,X04,2026-05-30 00:00:00,area
URBANA,ALLEGRO,1007,,77.2,vista
GRUPO SANTA MARÍA,THE GRAND,702,TIPO 2,151.53,dormitorios
GRUPO SANTA MARÍA,THE GRAND,401,TIPO 1,151.04,dormitorios
GRUPO SANTA MARÍA,THE GRAND,1404,TIPO 4B,228.67,dormitorios
GRUPO T&C,TREE,808,TIPO 8 408 AL 2008,81.58,dormitorios
GRUPO T&C,TREE,705,TIPO 5 405 AL 3305,47.16,dormitorios
GRUPO T&C,TREE,805,TIPO 5 405 AL 3305,47.16,dormitorios
CANTABRIA,LUUP,501,TIPO 1,69.41,dormitorios
CANTABRIA,LUUP,601,TIPO 1,69.41,dormitorios
CANTABRIA,LUUP,607,TIPO 9,70.61,dormitorios
CANTABRIA,LUUP,1201,TIPO 1,68.97,dormitorios
CANTABRIA,LUUP,1101,TIPO 1,68.97,dormitorios
CANTABRIA,LUUP,1301,TIPO 1,68.97,dormitorios
CANTABRIA,LUUP,1501,TIPO 1,68.97,dormitorios
CANTABRIA,LUUP,1206,TIPO 10,71.4,dormitorios
CANTABRIA,LUUP,1805,TIPO 12,70.56,dormitorios
CANTABRIA,LUUP,307,TIPO 7,70.98,dormitorios
CANTABRIA,LUUP,406,TIPO 6,68.18,dormitorios
CANTABRIA,LUUP,506,TIPO 6,68.18,dormitorios
CANTABRIA,LUUP,1901,TIPO 1,68.59,dormitorios
CANTABRIA,LUUP,807,TIPO 9,63.65,dormitorios
CANTABRIA,LUUP,907,TIPO 9,63.65,dormitorios
CANTABRIA,LUUP,906,TIPO 8,61.67,dormitorios
CANTABRIA,LUUP,2101,TIPO 1,68.46,dormitorios
GRUPO T&C,TREE,505,TIPO 5 405 AL 3305,47.16,dormitorios
CANTABRIA,LUUP,1807,TIPO 14,2026-11-25 00:00:00,area
GRUPO SANTA MARÍA,THE GRAND,2202,TIPO 2202,309.97,dormitorios
GRUPO SANTA MARÍA,THE GRAND,204,TIPO 4A,158.39,dormitorios
GRUPO T&C,TREE,1408,TIPO 8 408 AL 2008,81.58,dormitorios
GDC,CASA DEL PARQUE,601,TIPO X03(1),157.07,vista
GDC,CASA DEL PARQUE,202,TIPO 04,130.98,vista
GDC,CASA DEL PARQUE,401,TIPO X03(2),157.82,vista
GDC,CASA DEL PARQUE,101,TIPO X01,213.07,vista
GDC,CASA DEL PARQUE,502,TIPO 04 (X03),130.23,vista
CANTABRIA,LUUP,1606,TIPO 13,2026-06-26 00:00:00,area
GRUPO T&C,TREE,1108,TIPO 8 408 AL 2008,81.58,dormitorios
CANTABRIA,LUUP,707,TIPO 9,63.65,dormitorios
CANTABRIA,LUUP,2201,TIPO 1,68.46,dormitorios
CANTABRIA,LUUP,507,TIPO 7,70.98,dormitorios
GRUPO T&C,TREE,1008,TIPO 8 408 AL 2008,81.58,dormitorios
CANTABRIA,LUUP,2105,TIPO 12,70.26,dormitorios
GDC,CASA DEL PARQUE,701,TIPO X05,300.35,vista
GRUPO T&C,TREE,1305,TIPO 5 405 AL 3305,47.16,dormitorios
GRUPO T&C,TREE,1308,TIPO 8 408 AL 2008,81.58,dormitorios
GRUPO T&C,TREE,1307,TIPO 7 1107 AL 1307,60.6,dormitorios
GRUPO T&C,TREE,1208,TIPO 8 408 AL 2008,81.58,dormitorios
CANTABRIA,LUUP,1801,TIPO 1,68.59,dormitorios
CANTABRIA,LUUP,2205,TIPO 12,70.26,dormitorios
GRUPO T&C,TREE,1405,TIPO 5 405 AL 3305,47.16,dormitorios
CANTABRIA,LUUP,1106,TIPO 10,71.4,dormitorios
GRUPO T&C,TREE,1407,TIPO 7 1407 AL 3307,60.6,dormitorios
CANTABRIA,LUUP,1305,TIPO 12,73.01,dormitorios
GRUPO T&C,GALLERY,4,PENDIENTE,109.16,dormitorios
GRUPO T&C,TREE,1207,TIPO 7 1107 AL 1307,60.6,dormitorios
GDC,CASA DEL PARQUE,102,TIPO X02,170.65,vista
GDC,CASA DEL PARQUE,302,TIPO 04,130.98,vista
CANTABRIA,LUUP,1401,TIPO 1,68.97,dormitorios
CANTABRIA,LUUP,1505,TIPO 12,71.15,dormitorios
GRUPO T&C,TREE,1508,TIPO 8 408 AL 2008,81.58,dormitorios
GRUPO T&C,TREE,1507,TIPO 7 1407 AL 3307,60.6,dormitorios
CANTABRIA,LUUP,701,TIPO 1,69.41,dormitorios
CANTABRIA,LUUP,1001,TIPO 1,69.41,dormitorios
GRUPO T&C,TREE,1607,TIPO 7 1407 AL 3307,60.6,dormitorios
CANTABRIA,LUUP,606,TIPO 8,68.47,dormitorios
CANTABRIA,LUUP,301,TIPO 1,69.41,dormitorios
GRUPO T&C,TREE,1505,TIPO 5 405 AL 3305,47.16,dormitorios
GRUPO T&C,TREE,1808,TIPO 8 408 AL 2008,81.58,dormitorios
GRUPO T&C,TREE,1905,TIPO 5 405 AL 3305,47.16,dormitorios
GRUPO T&C,TREE,1907,TIPO 7 1407 AL 3307,60.6,dormitorios
GRUPO T&C,TREE,2207,TIPO 7 1407 AL 3307,60.6,dormitorios
GRUPO T&C,TREE,2307,TIPO 7 1407 AL 3307,60.6,dormitorios
GRUPO T&C,TREE,2008,TIPO 8 408 AL 2008,81.58,dormitorios
GRUPO T&C,TREE,2507,TIPO 7 1407 AL 3307,60.6,dormitorios
GRUPO T&C,TREE,2608,TIPO 8 2108 AL 3308,82.41,dormitorios
GRUPO T&C,TREE,2005,TIPO 5 405 AL 3305,47.16,dormitorios
GRUPO T&C,TREE,2908,TIPO 8 2108 AL 3308,82.41,dormitorios
GRUPO T&C,TREE,1205,TIPO 5 405 AL 3305,47.16,dormitorios
GRUPO T&C,LIT,606,TIPO 6 (106 AL 1006),43.51,dormitorios; entrega
GRUPO T&C,LIT,1005,TIPO 10 (705 AL 1005),80.68,dormitorios; entrega
GRUPO SANTA MARÍA,THE GRAND,802,TIPO 2,151.53,dormitorios
GRUPO T&C,TREE,908,TIPO 8 408 AL 2008,81.58,dormitorios
GRUPO T&C,TREE,2605,TIPO 5 405 AL 3305,47.16,dormitorios
GRUPO T&C,TREE,2407,TIPO 7 1407 AL 3307,60.6,dormitorios
GRUPO T&C,TREE,1608,TIPO 8 408 AL 2008,81.58,dormitorios
GRUPO T&C,TREE,1107,TIPO 7 1107 AL 1307,60.6,dormitorios
GRUPO T&C,TREE,605,TIPO 5 405 AL 3305,47.16,dormitorios
CANTABRIA,LUUP,1707,TIPO 14,2026-11-25 00:00:00,area
CANTABRIA,LUUP,1407,TIPO 14,2026-09-25 00:00:00,area
GRUPO T&C,TREE,2505,TIPO 5 405 AL 3305,47.16,dormitorios
GRUPO T&C,TREE,2805,TIPO 5 405 AL 3305,47.16,dormitorios
CANTABRIA,LUUP,407,TIPO 7,70.98,dormitorios
GRUPO T&C,TREE,2708,TIPO 8 2108 AL 3308,82.41,dormitorios
GRUPO T&C,TREE,2408,TIPO 8 2108 AL 3308,82.41,dormitorios
GRUPO T&C,TREE,2308,TIPO 8 2108 AL 3308,82.41,dormitorios
GRUPO T&C,TREE,1908,TIPO 8 408 AL 2008,81.58,dormitorios
CANTABRIA,LUUP,206,TIPO 6,88.61,dormitorios
GRUPO T&C,TREE,1707,TIPO 7 1407 AL 3307,60.6,dormitorios
GRUPO T&C,TREE,2208,TIPO 8 2108 AL 3308,82.41,dormitorios
GRUPO T&C,TREE,2108,TIPO 8 2108 AL 3308,82.41,dormitorios
CANTABRIA,LUUP,1006,TIPO 10,83.55,dormitorios
CANTABRIA,LUUP,207,TIPO 7,94.18,dormitorios
CANTABRIA,LUUP,1601,TIPO 1,68.59,dormitorios
GRUPO SANTA MARÍA,THE GRAND,201,TIPO 1,151.04,dormitorios
GRUPO SANTA MARÍA,THE GRAND,302,TIPO 2,151.53,dormitorios
GRUPO SANTA MARÍA,THE GRAND,202,TIPO 2,151.53,dormitorios
CANTABRIA,LUUP,306,TIPO 6,68.18,dormitorios
CANTABRIA,LUUP,806,TIPO 8,61.67,dormitorios
CANTABRIA,LUUP,706,TIPO 8,61.67,dormitorios
GRUPO MG,BRAVO,605,X05,88.77,dormitorios
INMGENIO,GRETA,604,TIPO X04,268.38,dormitorios
INMGENIO,GRETA,601,TIPO X01,255.29,dormitorios
INMGENIO,ALONSO,504,TIPO X04,194.63,dormitorios
INMGENIO,ALONSO,503,TIPO X03,143.79,dormitorios
INMGENIO,ALONSO,501,TIPO X01,175.74,dormitorios
INMGENIO,RAFAEL,603,TIPO X03,217.82,dormitorios
GRUPO MG,BRAVO,1205,X05,76.58,dormitorios
GRUPO MG,BRAVO,805,X05,84.36,dormitorios
GRUPO MG,BRAVO,505,X05,88.77,dormitorios
GRUPO MG,BRAVO,405,X05,88.77,dormitorios
GRUPO MG,BRAVO,305,X05,88.77,dormitorios
GRUPO MG,BRAVO,105,X05,119.46,dormitorios
GRUPO MG,FORESTA,401,X01,182.43,dormitorios
INMGENIO,ALONSO,505,TIPO X05,134.96,dormitorios
GRUPO SANTA MARÍA,MIRAMAR 3,104,TIPO 104,130.94,vista
NOI,LA FRAGATA,201,X01,95.45,vista
NOI,LA FRAGATA,401,X01,95.45,vista
NOI,LA FRAGATA,301,X01,95.45,vista
NOI,LA FRAGATA,302,X02,55.32,vista
NOI,LA FRAGATA,503,X03,75.26,vista
GRUPO MG,DULANTO - B,1308,X08,59.5,dormitorios
URBANA,GRACIA,1104,,75.59,vista
MARCAN,TIME BENAVIDES,405,OFICINA,2026-08-28 00:00:00,area
URBANA,GRACIA,1004,,75.59,vista
ALBAMAR,ESSENCE,2005,CINA,83.54,dormitorios; entrega; banco
ALBAMAR,ESSENCE,2004,BINB,60.04,dormitorios; entrega; banco
ALBAMAR,ESSENCE,2003,BINA,60.01,dormitorios; entrega; banco
ALBAMAR,ESSENCE,2002,CEXB1,82.59,dormitorios; entrega; banco
ALBAMAR,ESSENCE,2001,CEXA1,82.57,dormitorios; entrega; banco
ALBAMAR,ESSENCE,1905,CINA,86.4,dormitorios; entrega; banco
ALBAMAR,ESSENCE,1904,BINB,60.04,dormitorios; entrega; banco
ALBAMAR,ESSENCE,1903,BINA,60.01,dormitorios; entrega; banco
ALBAMAR,ESSENCE,1902,CEXB1,84.21,dormitorios; entrega; banco
ALBAMAR,ESSENCE,1901,CEXA1,83.97,dormitorios; entrega; banco
ALBAMAR,ESSENCE,1805,CINA,83.54,dormitorios; entrega; banco
ALBAMAR,ESSENCE,1804,BINB,60.04,dormitorios; entrega; banco
ALBAMAR,ESSENCE,1803,BINA,60.01,dormitorios; entrega; banco
ALBAMAR,ESSENCE,1802,CEXB1,82.59,dormitorios; entrega; banco
ALBAMAR,ESSENCE,1801,CEXA1,82.57,dormitorios; entrega; banco
ALBAMAR,ESSENCE,1705,CINA,86.4,dormitorios; entrega; banco
ALBAMAR,ESSENCE,1704,BINB,60.04,dormitorios; entrega; banco
ALBAMAR,ESSENCE,1703,BINA,60.01,dormitorios; entrega; banco
ALBAMAR,ESSENCE,1702,CEXB1,84.21,dormitorios; entrega; banco
ALBAMAR,ESSENCE,1701,CEXA1,83.97,dormitorios; entrega; banco
ALBAMAR,ESSENCE,1605,CINA,83.54,dormitorios; entrega; banco
ALBAMAR,ESSENCE,1604,BINB,60.04,dormitorios; entrega; banco
ALBAMAR,ESSENCE,1603,BINA,60.01,dormitorios; entrega; banco
ALBAMAR,ESSENCE,1602,CEXB1,82.59,dormitorios; entrega; banco
ALBAMAR,ESSENCE,1601,CEXA1,82.57,dormitorios; entrega; banco
ALBAMAR,ESSENCE,1505,CINA,86.4,dormitorios; entrega; banco
ALBAMAR,ESSENCE,1504,BINB,60.04,dormitorios; entrega; banco
ALBAMAR,ESSENCE,1503,BINA,60.01,dormitorios; entrega; banco
ALBAMAR,ESSENCE,1502,CEXB1,84.21,dormitorios; entrega; banco
ALBAMAR,ESSENCE,1501,CEXA1,83.97,dormitorios; entrega; banco
ALBAMAR,ESSENCE,1405,CINA,83.54,dormitorios; entrega; banco
ALBAMAR,ESSENCE,1404,BINB,60.04,dormitorios; entrega; banco
ALBAMAR,ESSENCE,1403,BINA,60.01,dormitorios; entrega; banco
FRONTERA,PARDO 1453,1801,BX1,112.93,vista
ALBAMAR,ESSENCE,1402,CEXB1,82.59,dormitorios; entrega; banco
ALBAMAR,ESSENCE,1401,CEXA1,82.57,dormitorios; entrega; banco
ALBAMAR,ESSENCE,1305,CINA,86.4,dormitorios; entrega; banco
ALBAMAR,ESSENCE,1304,BINB,60.04,dormitorios; entrega; banco
ALBAMAR,ESSENCE,1303,BINA,60.01,dormitorios; entrega; banco
ALBAMAR,ESSENCE,1302,CEXB1,84.21,dormitorios; entrega; banco
ALBAMAR,ESSENCE,1301,CEXA1,83.97,dormitorios; entrega; banco
ALBAMAR,ESSENCE,1205,CINA,83.54,dormitorios; entrega; banco
ALBAMAR,ESSENCE,1204,BINB,60.04,dormitorios; entrega; banco
ALBAMAR,ESSENCE,1203,BINA,60.01,dormitorios; entrega; banco
ALBAMAR,ESSENCE,1202,CEXB1,82.59,dormitorios; entrega; banco
ALBAMAR,ESSENCE,1201,CEXA1,82.57,dormitorios; entrega; banco
ALBAMAR,ESSENCE,1105,CINA,86.4,dormitorios; entrega; banco
ALBAMAR,ESSENCE,1104,BINB,60.04,dormitorios; entrega; banco
ALBAMAR,ESSENCE,1103,BINA,60.01,dormitorios; entrega; banco
ALBAMAR,ESSENCE,1102,CEXB1,84.21,dormitorios; entrega; banco
ALBAMAR,ESSENCE,1101,CEXA1,83.97,dormitorios; entrega; banco
ALBAMAR,ESSENCE,1005,CINA,83.54,dormitorios; entrega; banco
ALBAMAR,ESSENCE,1004,BINB,60.04,dormitorios; entrega; banco
ALBAMAR,ESSENCE,1002,CEXB,82.59,dormitorios; entrega; banco
ALBAMAR,ESSENCE,1001,CEXA,82.57,dormitorios; entrega; banco
ALBAMAR,ESSENCE,905,CINA,86.4,dormitorios; entrega; banco
ALBAMAR,ESSENCE,903,BINA,60.01,dormitorios; entrega; banco
ALBAMAR,ESSENCE,902,CEXB,84.21,dormitorios; entrega; banco
ALBAMAR,ESSENCE,901,CEXA,83.97,dormitorios; entrega; banco
ALBAMAR,ESSENCE,804,BINB,60.04,dormitorios; entrega; banco
ALBAMAR,ESSENCE,803,BINA,60.01,dormitorios; entrega; banco
ALBAMAR,ESSENCE,802,CEXB,82.59,dormitorios; entrega; banco
ALBAMAR,ESSENCE,705,CINA,86.4,dormitorios; entrega; banco
CANTABRIA,LUMO,1702,TIPO 2,87.24,dormitorios
ALBAMAR,ESSENCE,704,BINB,60.04,dormitorios; entrega; banco
ALBAMAR,ESSENCE,703,BINA,60.01,dormitorios; entrega; banco
ALBAMAR,ESSENCE,701,CEXA,83.97,dormitorios; entrega; banco
ALBAMAR,ESSENCE,605,CINA,83.54,dormitorios; entrega; banco
ALBAMAR,ESSENCE,604,BINB,60.04,dormitorios; entrega; banco
ALBAMAR,ESSENCE,602,CEXB,82.59,dormitorios; entrega; banco
ALBAMAR,ESSENCE,601,CEXA,82.57,dormitorios; entrega; banco
ALBAMAR,ESSENCE,505,CINA,86.4,dormitorios; entrega; banco
ALBAMAR,ESSENCE,503,BINA,60.01,dormitorios; entrega; banco
ALBAMAR,ESSENCE,502,CEXB,84.21,dormitorios; entrega; banco
ALBAMAR,ESSENCE,501,CEXA,83.97,dormitorios; entrega; banco
ALBAMAR,ESSENCE,405,CINA,83.54,dormitorios; entrega; banco
ALBAMAR,ESSENCE,404,BINB,60.04,dormitorios; entrega; banco
CANTABRIA,LUMO,1505,TIPO 5,63.5,dormitorios
ALBAMAR,ESSENCE,402,CEXB,82.59,dormitorios; entrega; banco
ALBAMAR,ESSENCE,305,CINA,86.4,dormitorios; entrega; banco
ALBAMAR,ESSENCE,304,BINB,60.04,dormitorios; entrega; banco
ALBAMAR,ESSENCE,303,BINA,60.01,dormitorios; entrega; banco
ALBAMAR,ESSENCE,301,CEXA,83.97,dormitorios; entrega; banco
ALBAMAR,ESSENCE,205,CINX,108.55,dormitorios; entrega; banco
ALBAMAR,ESSENCE,204,BINB,60.04,dormitorios; entrega; banco
ALBAMAR,ESSENCE,202,CEXB,83.35,dormitorios; entrega; banco
ALBAMAR,ESSENCE,201,CEXA,83.08,dormitorios; entrega; banco
CANTABRIA,LUMO,1105,TIPO 5,63.5,dormitorios
GRUPO SANTA MARÍA,MONOGRAM,705,TIPO 5,110.27,entrega
GRUPO SANTA MARÍA,MONOGRAM,1003,TIPO 3D,169.17,entrega
FRANCA,ATAHUALPA,904,DÚPLEX,121.3,entrega
FRANCA,ATAHUALPA,806,6,82.5,entrega
URBANA,GRACIA,902,,117.47,vista
URBANA,GRACIA,901,,112.42,vista
URBANA,GRACIA,802,,117.47,vista
URBANA,GRACIA,801,,112.42,vista
URBANA,GRACIA,702,,117.47,vista
GRUPO SANTA MARÍA,MONOGRAM,802,TIPO 2B,84.04,entrega
GRUPO SANTA MARÍA,MONOGRAM,1004,TIPO 4D,165.53,entrega
URBANA,GRACIA,602,,117.47,vista
GRUPO SANTA MARÍA,MONOGRAM,804,TIPO 4B,110.27,entrega
URBANA,GRACIA,601,,112.42,vista
URBANA,GRACIA,1301,,112.42,vista
GRUPO SANTA MARÍA,MONOGRAM,104,TIPO 104,89.13,vista; entrega
GRUPO SANTA MARÍA,MONOGRAM,202,TIPO 2A,82.31,entrega
GRUPO SANTA MARÍA,MONOGRAM,201,TIPO 1A,84.15,entrega
GRUPO SANTA MARÍA,MONOGRAM,105,TIPO 105,114.84,entrega
GRUPO SANTA MARÍA,MONOGRAM,302,TIPO 2,113.28,entrega
GRUPO SANTA MARÍA,MONOGRAM,301,TIPO 1,113.44,entrega
GRUPO SANTA MARÍA,MONOGRAM,305,TIPO 5,110.27,entrega
URBANA,GRACIA,502,,117.47,vista
GRUPO SANTA MARÍA,MONOGRAM,203,TIPO 3A,108.02,entrega
GRUPO SANTA MARÍA,MONOGRAM,501,TIPO 1,113.44,entrega
GRUPO SANTA MARÍA,MONOGRAM,503,TIPO 3,84.04,entrega
GRUPO SANTA MARÍA,MONOGRAM,505,TIPO 5,110.27,entrega
GRUPO SANTA MARÍA,MONOGRAM,403,TIPO 3,84.04,entrega
GRUPO SANTA MARÍA,MONOGRAM,602,TIPO 2,113.28,entrega
GRUPO SANTA MARÍA,MONOGRAM,703,TIPO 3,84.04,entrega
GRUPO SANTA MARÍA,MONOGRAM,402,TIPO 2,113.28,entrega
GRUPO SANTA MARÍA,MONOGRAM,1002,TIPO 2D,167.39,entrega
GRUPO SANTA MARÍA,MONOGRAM,902,TIPO 2C,110.27,entrega
GRUPO SANTA MARÍA,MONOGRAM,604,TIPO 4,82.31,entrega
GRUPO SANTA MARÍA,MONOGRAM,404,TIPO 4,82.31,entrega
GRUPO SANTA MARÍA,MONOGRAM,401,TIPO 1,113.44,entrega
GRUPO SANTA MARÍA,MONOGRAM,901,TIPO 1C,82.31,entrega
URBANA,GRACIA,401,,112.42,vista
URBANA,GRACIA,302,,117.47,vista
ALBAMAR,ESSENCE,203,BINA,60.55,dormitorios; entrega; banco
IMAGINA,ONE PLACE,1408,DPTO 207. 308 AL 2008,69.39,dormitorios
IMAGINA,ONE PLACE,902,DPTO 302 AL 2002,85.56,dormitorios
IMAGINA,ONE PLACE,1102,DPTO 302 AL 2002,85.56,dormitorios
IMAGINA,ONE PLACE,1708,DPTO 207. 308 AL 2008,69.39,dormitorios
IMAGINA,ONE PLACE,1907,DPTO 206. 307 AL 2007,69.39,dormitorios
IMAGINA,ONE PLACE,1508,DPTO 207. 308 AL 2008,69.39,dormitorios
URBANA,GRACIA,1502,,117.47,vista
IMAGINA,ONE PLACE,207,DPTO 207. 308 AL 2008,69.39,dormitorios
IMAGINA,ONE PLACE,1507,DPTO 206. 307 AL 2007,69.39,dormitorios
CANTABRIA,LUMO,805,TIPO 5,63.5,dormitorios
CANTABRIA,LUMO,705,TIPO 5,63.5,dormitorios
CANTABRIA,LUMO,605,TIPO 5,63.5,dormitorios
IMAGINA,ONE PLACE,1608,DPTO 207. 308 AL 2008,69.39,dormitorios
IMAGINA,ONE PLACE,1807,DPTO 206. 307 AL 2007,69.39,dormitorios
IMAGINA,ONE PLACE,2001,DPTO 201 AL 2001,55.18,dormitorios
IMAGINA,ONE PLACE,2006,DPTO 205. 306 AL 2006,55.65,dormitorios
IMAGINA,ONE PLACE,1905,DPTO 204. 305 AL 2005,55.17,dormitorios
IMAGINA,ONE PLACE,1309,DPTO 208. 309 AL 2009,55.1,dormitorios
ALBAMAR,ESSENCE,302,CEXB,84.21,dormitorios; entrega; banco
URBANA,GRACIA,1601,,223.87,vista
GRUPO SANTA MARÍA,MONOGRAM,803,TIPO 3B,82.31,entrega
GRUPO SANTA MARÍA,MONOGRAM,704,TIPO 4,82.31,entrega
GRUPO SANTA MARÍA,MONOGRAM,702,TIPO 2,113.28,entrega
GRUPO SANTA MARÍA,MONOGRAM,701,TIPO 1,113.44,entrega
GRUPO SANTA MARÍA,MONOGRAM,605,TIPO 5,110.27,entrega
GRUPO SANTA MARÍA,MONOGRAM,601,TIPO 1,113.44,entrega
GRUPO SANTA MARÍA,MONOGRAM,502,TIPO 2,113.28,entrega
CANTABRIA,LUMO,1005,TIPO 5,63.5,dormitorios
GRUPO SANTA MARÍA,MONOGRAM,303,TIPO 3,84.04,entrega
GRUPO SANTA MARÍA,MONOGRAM,103,TIPO 103,90.97,entrega
CANTABRIA,LUMO,1305,TIPO 5,63.5,dormitorios
ALBAMAR,ESSENCE,504,BINB,60.04,dormitorios; entrega; banco
URBANA,GRACIA,1002,,117.47,vista
ALBAMAR,ESSENCE,702,CEXB,84.21,dormitorios; entrega; banco
CANTABRIA,LUMO,1402,TIPO 2,87.24,dormitorios
CANTABRIA,LUMO,1502,TIPO 2,87.24,dormitorios
ALBAMAR,ESSENCE,801,CEXA,82.57,dormitorios; entrega; banco
CANTABRIA,LUMO,1302,TIPO 2,87.24,dormitorios
CANTABRIA,LUMO,1002,TIPO 2,87.24,dormitorios
CANTABRIA,LUMO,1602,TIPO 2,87.24,dormitorios
CANTABRIA,LUMO,1202,TIPO 2,87.24,dormitorios
CANTABRIA,LUMO,702,TIPO 2,87.24,dormitorios
CANTABRIA,LUMO,802,TIPO 2,87.24,dormitorios
CANTABRIA,LUMO,502,TIPO 2,87.24,dormitorios
CANTABRIA,LUMO,302,TIPO 2,87.24,dormitorios
ALBAMAR,ESSENCE,1003,BINA,60.01,dormitorios; entrega; banco
CANTABRIA,LUMO,402,TIPO 2,87.24,dormitorios
CANTABRIA,LUMO,305,TIPO 5,63.5,dormitorios
CANTABRIA,LUMO,1102,TIPO 2,87.24,dormitorios
IMAGINA,ONE PLACE,2002,DPTO 302 AL 2002,85.56,dormitorios
IMAGINA,ONE PLACE,1902,DPTO 302 AL 2002,85.56,dormitorios
URBANA,GRACIA,501,,112.42,vista
URBANA,GRACIA,1501,,112.42,vista
URBANA,GRACIA,1302,,117.47,vista
URBANA,GRACIA,1202,,117.47,vista
FRONTERA,PARDO 1453,2302,BX2,94.76,vista
FRONTERA,PARDO 1453,2202,BX2,94.76,vista
FRONTERA,PARDO 1453,2201,BX1,112.93,vista
FRONTERA,PARDO 1453,2102,BX2,94.76,vista
FRONTERA,PARDO 1453,2002,BX2,94.76,vista
FRONTERA,PARDO 1453,1902,BX2,94.76,vista
FRONTERA,PARDO 1453,1901,BX1,112.93,vista
FRONTERA,PARDO 1453,1802,BX2,94.76,vista
FRONTERA,PARDO 1453,1702,BX2,94.76,vista
IMAGINA,ONE PLACE,1804,DPTO 304 AL 2004,85.56,dormitorios
FRONTERA,PARDO 1453,1508,AX8,61.86,vista
FRONTERA,PARDO 1453,1504,AX4,92.42,vista
FRONTERA,PARDO 1453,1503,AX3,60.09,vista
FRONTERA,PARDO 1453,1502,AX2,85.12,vista
FRONTERA,PARDO 1453,1408,AX8,62.74,vista
FRONTERA,PARDO 1453,1406,AX6,79.4,vista
FRONTERA,PARDO 1453,1405,AX5,62.97,vista
FRONTERA,PARDO 1453,1404,AX4,92.42,vista
FRONTERA,PARDO 1453,1403,AX3,60.09,vista
FRONTERA,PARDO 1453,1402,AX2,85.12,vista
FRONTERA,PARDO 1453,1308,AX8,62.74,vista
FRONTERA,PARDO 1453,1307,AX7,89.39,vista
IMAGINA,ONE PLACE,1308,DPTO 207. 308 AL 2008,69.39,dormitorios
FRONTERA,PARDO 1453,1304,AX4,92.42,vista
FRONTERA,PARDO 1453,1303,AX3,60.09,vista
FRONTERA,PARDO 1453,1208,AX8,62.74,vista
FRONTERA,PARDO 1453,1207,AX7,89.39,vista
IMAGINA,ONE PLACE,1906,DPTO 205. 306 AL 2006,55.65,dormitorios
FRONTERA,PARDO 1453,1206,AX6,79.4,vista
FRONTERA,PARDO 1453,1205,AX5,62.97,vista
FRONTERA,PARDO 1453,1204,AX4,92.42,vista
FRONTERA,PARDO 1453,1107,AX7,89.39,vista
FRONTERA,PARDO 1453,1106,AX6,79.4,vista
FRONTERA,PARDO 1453,1105,AX5,62.97,vista
FRONTERA,PARDO 1453,1104,AX4,92.42,vista
FRONTERA,PARDO 1453,304,AX4,92.42,vista
URBANA,GRACIA,1201,,112.42,vista
URBANA,GRACIA,1102,,117.47,vista
FRONTERA,PARDO 1453,2301,DBX1,224.94,vista
URBANA,GRACIA,1101,,112.42,vista
IMAGINA,ONE PLACE,2009,DPTO 208. 309 AL 2009,55.1,dormitorios
MARCAN,TIME BENAVIDES,505,OFICINA,2026-08-28 00:00:00,area
URBANA,GRACIA,1001,,112.42,vista
IMAGINA,ONE PLACE,904,DPTO 304 AL 2004,85.56,dormitorios
IMAGINA,ONE PLACE,704,DPTO 304 AL 2004,85.56,dormitorios
IMAGINA,ONE PLACE,1204,DPTO 304 AL 2004,85.56,dormitorios
IMAGINA,ONE PLACE,804,DPTO 304 AL 2004,85.56,dormitorios
IMAGINA,ONE PLACE,2008,DPTO 207. 308 AL 2008,69.39,dormitorios
IMAGINA,ONE PLACE,2007,DPTO 2007,69.39,dormitorios
URBANA,GRACIA,803,,73.97,vista
CANTABRIA,THU,103,TIPO 17,129.3,dormitorios
IMAGINA,ONE PLACE,1602,DPTO 302 AL 2002,85.56,dormitorios
URBANA,GRACIA,704,,75.59,vista
IMAGINA,ONE PLACE,1504,DPTO 304 AL 2004,85.56,dormitorios
IMAGINA,ONE PLACE,1404,DPTO 304 AL 2004,85.56,dormitorios
IMAGINA,ONE PLACE,1302,DPTO 302 AL 2002,85.56,dormitorios
IMAGINA,ONE PLACE,1402,DPTO 302 AL 2002,85.56,dormitorios
MARCAN,TIME BENAVIDES,905,OFICINA,2026-08-28 00:00:00,area
IMAGINA,ONE PLACE,2004,DPTO 304 AL 2004,85.56,dormitorios
MARCAN,TIME BENAVIDES,1105,OFICINA,2026-08-28 00:00:00,area
URBANA,GRACIA,1003,,73.97,vista
CANTABRIA,LUMO,202,TIPO 2,88.9,dormitorios
CANTABRIA,LUMO,602,TIPO 2,87.24,dormitorios
ALBAMAR,ESSENCE,904,BINB,60.04,dormitorios; entrega; banco
URBANA,GRACIA,604,,75.59,vista
ALBAMAR,ESSENCE,805,CINA,83.54,dormitorios; entrega; banco
CANTABRIA,LUMO,902,TIPO 2,87.24,dormitorios
URBANA,GRACIA,504,,75.59,vista
ALBAMAR,ESSENCE,603,BINA,60.01,dormitorios; entrega; banco
CANTABRIA,LUMO,203,TIPO 3,64.1,dormitorios
URBANA,GRACIA,1103,,73.97,vista
GRUPO SANTA MARÍA,MONOGRAM,405,TIPO 5,110.27,entrega
GRUPO SANTA MARÍA,MONOGRAM,504,TIPO 4,82.31,entrega
CANTABRIA,LUMO,205,TIPO 5,77.2,dormitorios
GRUPO SANTA MARÍA,MONOGRAM,603,TIPO 3,84.04,entrega
IMAGINA,ONE PLACE,1904,DPTO 304 AL 2004,85.56,dormitorios
GRUPO SANTA MARÍA,MONOGRAM,801,TIPO 1B,113.44,entrega
ALBAMAR,ESSENCE,403,BINA,60.01,dormitorios; entrega; banco
URBANA,GRACIA,1402,,117.47,vista
URBANA,GRACIA,204,,93.67,vista
IMAGINA,ONE PLACE,1802,DPTO 302 AL 2002,85.56,dormitorios
IMAGINA,ONE PLACE,1704,DPTO 304 AL 2004,85.56,dormitorios
URBANA,GRACIA,203,,86.05,vista
IMAGINA,ONE PLACE,1702,DPTO 302 AL 2002,85.56,dormitorios
URBANA,GRACIA,1604,,75.59,vista
URBANA,GRACIA,1602,,238.33,vista
IMAGINA,ONE PLACE,2005,DPTO 204. 305 AL 2005,55.17,dormitorios
CANTABRIA,LUMO,405,TIPO 5,63.5,dormitorios
ALBAMAR,ESSENCE,401,CEXA,82.57,dormitorios; entrega; banco
CANTABRIA,LUMO,905,TIPO 5,63.5,dormitorios
URBANA,GRACIA,1603,,153.26,vista
CANTABRIA,LUMO,505,TIPO 5,63.5,dormitorios
URBANA,GRACIA,1503,,73.97,vista
ALBAMAR,MOVE,2202,B2,83.65,dormitorios
ALBAMAR,MOVE,2201,I,167.85,dormitorios
ALBAMAR,MOVE,2102,B2,84.61,dormitorios
ALBAMAR,MOVE,2101,A2,84.08,dormitorios
ALBAMAR,MOVE,2002,B2,83.65,dormitorios
ALBAMAR,MOVE,2001,A2,84.08,dormitorios
ALBAMAR,MOVE,1902,B2,84.61,dormitorios
ALBAMAR,MOVE,1901,A2,84.08,dormitorios
ALBAMAR,MOVE,1802,B2,83.65,dormitorios
ALBAMAR,MOVE,1801,A2,84.08,dormitorios
ALBAMAR,MOVE,1702,B2,84.61,dormitorios
ALBAMAR,MOVE,1701,A2,84.08,dormitorios
ALBAMAR,MOVE,1603,C,67.45,dormitorios
ALBAMAR,MOVE,1602,B,64.97,dormitorios
ALBAMAR,MOVE,1601,A,68.26,dormitorios
ALBAMAR,MOVE,1503,C,67.45,dormitorios
ALBAMAR,MOVE,1502,B,64.97,dormitorios
ALBAMAR,MOVE,1403,C,67.45,dormitorios
ALBAMAR,MOVE,1402,B,64.97,dormitorios
ALBAMAR,MOVE,1303,C,67.45,dormitorios
ALBAMAR,MOVE,1302,B,64.97,dormitorios
ALBAMAR,MOVE,1301,A,68.26,dormitorios
ALBAMAR,MOVE,1203,C,67.45,dormitorios
ALBAMAR,MOVE,1201,A,68.26,dormitorios
ALBAMAR,MOVE,1101,A,68.26,dormitorios
ALBAMAR,MOVE,1001,A,68.26,dormitorios
ALBAMAR,MOVE,903,C,68.35,dormitorios
ALBAMAR,MOVE,902,B,65.68,dormitorios
ALBAMAR,MOVE,901,A,68.67,dormitorios
URBANA,GRACIA,1404,,75.59,vista
ALBAMAR,MOVE,803,C,68.35,dormitorios
ALBAMAR,MOVE,802,B,65.68,dormitorios
ALBAMAR,MOVE,801,A,68.67,dormitorios
ALBAMAR,MOVE,703,C,68.35,dormitorios
ALBAMAR,MOVE,701,A,68.67,dormitorios
ALBAMAR,MOVE,603,C,68.35,dormitorios
ALBAMAR,MOVE,503,C,68.35,dormitorios
ALBAMAR,MOVE,502,B,65.68,dormitorios
ALBAMAR,MOVE,501,A,68.67,dormitorios
ALBAMAR,MOVE,402,B,65.68,dormitorios
ALBAMAR,MOVE,401,A,68.67,dormitorios
ALBAMAR,MOVE,303,C,68.35,dormitorios
ALBAMAR,MOVE,302,B,65.68,dormitorios
ALBAMAR,MOVE,301,A,68.67,dormitorios
ALBAMAR,MOVE,203,C,68.35,dormitorios
ALBAMAR,MOVE,201,A,68.67,dormitorios
URBANA,GRACIA,1403,,73.97,vista
URBANA,GRACIA,1304,,75.59,vista
URBANA,GRACIA,1303,,73.97,vista
URBANA,GRACIA,202,,131.01,vista
GRUPO T&C,MANDRA,107,TIPO 06 DEP 107,83.09,dormitorios
GRUPO T&C,MANDRA,5,TIPO 06 DEP S05,120.7,dormitorios
GRUPO T&C,MANDRA,302,TIPO 02 DEP 202-1602,103.62,dormitorios
URBANA,GRACIA,402,,117.47,vista
URBANA,GRACIA,1204,,75.59,vista
URBANA,GRACIA,1401,,112.42,vista
GRUPO T&C,MANDRA,507,"TIPO 06 DEP 307, 507, 707, 907, 1107, 1307, 1507",87.17,dormitorios
GRUPO T&C,MANDRA,307,"TIPO 06 DEP 307, 507, 707, 907, 1107, 1307, 1507",87.17,dormitorios
GRUPO T&C,MANDRA,206,"TIPO 06 DEP 206, 406, 606, 806, 1006, 1206, 1406, 1606",87.17,dormitorios
GRUPO T&C,MANDRA,205,"TIPO 05 DEP 205, 405, 605, 805, 1005, 1205, 1405",84.58,dormitorios
GRUPO T&C,MANDRA,202,TIPO 02 DEP 202-1602,103.62,dormitorios
GRUPO T&C,MANDRA,4,TIPO 05 DEP S04,118.44,dormitorios
URBANA,GRACIA,1203,,73.97,vista
INVENT,ALIAGA 435,1708,X08,93.37,dormitorios
INVENT,ALIAGA 435,1608,X08,93.37,dormitorios
GRUPO T&C,NIUS,2702,TIPO 2 DUPLEX,126.81,dormitorios
GRATTO INMOBILIARIA,CÉSAR VALLEJO 1176,1304,X04-13AL22,50.45,entrega; banco
GRATTO INMOBILIARIA,CÉSAR VALLEJO 1176,1402,X02,53.5,entrega; banco
GRATTO INMOBILIARIA,CÉSAR VALLEJO 1176,1401,X01,40.06,entrega; banco
GRATTO INMOBILIARIA,CÉSAR VALLEJO 1176,1306,X06-13AL22,58.68,entrega; banco
GRATTO INMOBILIARIA,CÉSAR VALLEJO 1176,1603,X03,69.61,entrega; banco
GRATTO INMOBILIARIA,CÉSAR VALLEJO 1176,1606,X06-13AL22,58.68,entrega; banco
GRATTO INMOBILIARIA,CÉSAR VALLEJO 1176,1604,X04-13AL22,50.45,entrega; banco
GRATTO INMOBILIARIA,CÉSAR VALLEJO 1176,1806,X06-13AL22,58.68,entrega; banco
GRATTO INMOBILIARIA,CÉSAR VALLEJO 1176,2005,X05-13AL22,40.05,entrega; banco
GRATTO INMOBILIARIA,CÉSAR VALLEJO 1176,2004,X04-13AL22,50.45,entrega; banco
GRATTO INMOBILIARIA,CÉSAR VALLEJO 1176,2006,X06-13AL22,58.68,entrega; banco
GRATTO INMOBILIARIA,CÉSAR VALLEJO 1176,2101,X01,40.06,entrega; banco
GRATTO INMOBILIARIA,CÉSAR VALLEJO 1176,2102,X02,53.5,entrega; banco
GRATTO INMOBILIARIA,CÉSAR VALLEJO 1176,2104,X04-13AL22,50.45,entrega; banco
GRATTO INMOBILIARIA,CÉSAR VALLEJO 1176,2105,X05-13AL22,40.05,entrega; banco
GRATTO INMOBILIARIA,CÉSAR VALLEJO 1176,2103,X03,69.61,entrega; banco
GRATTO INMOBILIARIA,CÉSAR VALLEJO 1176,2106,X06-13AL22,58.68,entrega; banco
GRATTO INMOBILIARIA,CÉSAR VALLEJO 1176,2201,X01,40.06,entrega; banco
GRATTO INMOBILIARIA,CÉSAR VALLEJO 1176,2202,X02,53.5,entrega; banco
GRATTO INMOBILIARIA,CÉSAR VALLEJO 1176,2204,X04-13AL22,50.45,entrega; banco
GRATTO INMOBILIARIA,CÉSAR VALLEJO 1176,2203,X03,69.61,entrega; banco
GRATTO INMOBILIARIA,CÉSAR VALLEJO 1176,2205,X05-13AL22,40.05,entrega; banco
GRATTO INMOBILIARIA,CÉSAR VALLEJO 1176,2206,X06-13AL22,58.68,entrega; banco
GRATTO INMOBILIARIA,CÉSAR VALLEJO 1176,2301,X01,40.06,entrega; banco
GRATTO INMOBILIARIA,CÉSAR VALLEJO 1176,2302,X02,53.5,entrega; banco
GRATTO INMOBILIARIA,CÉSAR VALLEJO 1176,2303,X03,69.61,entrega; banco
GRATTO INMOBILIARIA,CÉSAR VALLEJO 1176,2304,D2304,91.4,entrega; banco
GRATTO INMOBILIARIA,CÉSAR VALLEJO 1176,2305,D2305,79.78,entrega; banco
GRATTO INMOBILIARIA,CÉSAR VALLEJO 1176,2306,D2306,112.92,entrega; banco
GRATTO INMOBILIARIA,CÉSAR VALLEJO 1176,2003,X03,69.61,entrega; banco
GRATTO INMOBILIARIA,CÉSAR VALLEJO 1176,1505,X05-13AL22,40.05,entrega; banco
GRATTO INMOBILIARIA,CÉSAR VALLEJO 1176,1906,X06-13AL22,58.68,entrega; banco
GRATTO INMOBILIARIA,CÉSAR VALLEJO 1176,2002,X02,53.5,entrega; banco
GRATTO INMOBILIARIA,CÉSAR VALLEJO 1176,1902,X02,53.5,entrega; banco
GRATTO INMOBILIARIA,CÉSAR VALLEJO 1176,2001,X01,40.06,entrega; banco
GRATTO INMOBILIARIA,CÉSAR VALLEJO 1176,1905,X05-13AL22,40.05,entrega; banco
GRATTO INMOBILIARIA,CÉSAR VALLEJO 1176,1904,X04-13AL22,50.45,entrega; banco
GRATTO INMOBILIARIA,CÉSAR VALLEJO 1176,1804,X04-13AL22,50.45,entrega; banco
GRATTO INMOBILIARIA,CÉSAR VALLEJO 1176,1903,X03,69.61,entrega; banco
GRATTO INMOBILIARIA,CÉSAR VALLEJO 1176,1901,X01,40.06,entrega; banco
GRATTO INMOBILIARIA,CÉSAR VALLEJO 1176,1805,X05-13AL22,40.05,entrega; banco
GRATTO INMOBILIARIA,CÉSAR VALLEJO 1176,1803,X03,69.61,entrega; banco
GRATTO INMOBILIARIA,CÉSAR VALLEJO 1176,1802,X02,53.5,entrega; banco
GRATTO INMOBILIARIA,CÉSAR VALLEJO 1176,1801,X01,40.06,entrega; banco
GRUPO T&C,MURAL,206,"TIPO 8A (206, 308 AL 808)",2026-06-22 00:00:00,area
GRATTO INMOBILIARIA,CÉSAR VALLEJO 1176,1706,X06-13AL22,58.68,entrega; banco
GRATTO INMOBILIARIA,CÉSAR VALLEJO 1176,1705,X05-13AL22,40.05,entrega; banco
GRATTO INMOBILIARIA,CÉSAR VALLEJO 1176,1704,X04-13AL22,50.45,entrega; banco
GRATTO INMOBILIARIA,CÉSAR VALLEJO 1176,1702,X02,53.5,entrega; banco
GRUPO T&C,MURAL,405,TIPO 5 (305 AL 805),2026-06-24 00:00:00,area
GRATTO INMOBILIARIA,CÉSAR VALLEJO 1176,1703,X03,69.61,entrega; banco
GRATTO INMOBILIARIA,CÉSAR VALLEJO 1176,1701,X01,40.06,entrega; banco
GRUPO T&C,MURAL,508,"TIPO 8A (206, 308 AL 808)",2026-06-22 00:00:00,area
GRATTO INMOBILIARIA,CÉSAR VALLEJO 1176,1506,X06-13AL22,58.68,entrega; banco
GRATTO INMOBILIARIA,CÉSAR VALLEJO 1176,1605,X05-13AL22,40.05,entrega; banco
GRUPO T&C,MURAL,607,"TIPO 7A (205, 307 AL 807)",2026-06-22 00:00:00,area
GRATTO INMOBILIARIA,CÉSAR VALLEJO 1176,1602,X02,53.5,entrega; banco
GRUPO T&C,MURAL,612,"TIPO 12A (210, 312 AL 712)",2026-09-21 00:00:00,area
GRATTO INMOBILIARIA,CÉSAR VALLEJO 1176,1601,X01,40.06,entrega; banco
GRATTO INMOBILIARIA,CÉSAR VALLEJO 1176,1504,X04-13AL22,50.45,entrega; banco
GRATTO INMOBILIARIA,CÉSAR VALLEJO 1176,1502,X02,53.5,entrega; banco
GRATTO INMOBILIARIA,CÉSAR VALLEJO 1176,1406,X06-13AL22,58.68,entrega; banco
GRATTO INMOBILIARIA,CÉSAR VALLEJO 1176,1501,X01,40.06,entrega; banco
GRATTO INMOBILIARIA,CÉSAR VALLEJO 1176,1503,X03,69.61,entrega; banco
GRUPO T&C,MURAL,1504,TIPO 4A (904 AL 2304_IMPARES),2026-09-23 00:00:00,area
GRUPO T&C,MURAL,1601,TIPO 1B (1001 AL 2201_PARES),2026-04-23 00:00:00,area
GRATTO INMOBILIARIA,CÉSAR VALLEJO 1176,504,X04-2AL12,50.45,entrega; banco
GRUPO T&C,MURAL,2304,TIPO 4A (904 AL 2304_IMPARES),2026-09-23 00:00:00,area
GRUPO T&C,MURAL,2104,TIPO 4A (904 AL 2304_IMPARES),2026-09-23 00:00:00,area
GRUPO T&C,MURAL,2001,TIPO 1B (1001 AL 2201_PARES),2026-04-23 00:00:00,area
GRUPO T&C,MURAL,1801,TIPO 1B (1001 AL 2201_PARES),2026-04-23 00:00:00,area
GRUPO T&C,MURAL,1401,TIPO 1B (1001 AL 2201_PARES),2026-04-23 00:00:00,area
GRUPO T&C,MURAL,1304,TIPO 4A (904 AL 2304_IMPARES),2026-09-23 00:00:00,area
GRUPO T&C,MURAL,1201,TIPO 1B (1001 AL 2201_PARES),2026-04-23 00:00:00,area
GRUPO T&C,MURAL,1104,TIPO 4A (904 AL 2304_IMPARES),2026-09-23 00:00:00,area
GRUPO T&C,MURAL,904,TIPO 4A (904 AL 2304_IMPARES),2026-09-23 00:00:00,area
GRUPO T&C,MURAL,608,"TIPO 8A (206, 308 AL 808)",2026-06-22 00:00:00,area
GRUPO T&C,MURAL,507,"TIPO 7A (205, 307 AL 807)",2026-06-22 00:00:00,area
GRUPO T&C,MURAL,502,TIPO 2 (302 AL 802),2026-08-22 00:00:00,area
GRUPO T&C,MURAL,412,"TIPO 12A (210, 312 AL 712)",2026-09-21 00:00:00,area
GRUPO T&C,MURAL,407,"TIPO 7A (205, 307 AL 807)",2026-06-22 00:00:00,area
GRUPO T&C,MURAL,403,TIPO 3 (303 AL 803),2026-03-23 00:00:00,area
GRUPO T&C,MURAL,402,TIPO 2 (302 AL 802),2026-08-22 00:00:00,area
GRUPO T&C,MURAL,312,"TIPO 12A (210, 312 AL 712)",2026-09-21 00:00:00,area
GRUPO T&C,MURAL,308,"TIPO 8A (206, 308 AL 808)",2026-06-22 00:00:00,area
GRUPO T&C,MURAL,307,"TIPO 7A (205, 307 AL 807)",2026-06-22 00:00:00,area
GRUPO T&C,MURAL,305,TIPO 5 (305 AL 805),2026-06-24 00:00:00,area
GRUPO T&C,MURAL,303,TIPO 3 (303 AL 803),2026-03-23 00:00:00,area
GRUPO T&C,MURAL,210,"TIPO 12A (210, 312 AL 712)",2026-09-21 00:00:00,area
GRUPO T&C,MURAL,205,"TIPO 7A (205, 307 AL 807)",2026-06-22 00:00:00,area
GRUPO T&C,MURAL,203,TIPO 5C (203),2026-05-22 00:00:00,area
GRUPO T&C,MURAL,104,TIPO 12B (104),2026-05-28 00:00:00,area
GRUPO T&C,MURAL,103,TIPO 11B (103),2026-01-28 00:00:00,area
GRATTO INMOBILIARIA,CÉSAR VALLEJO 1176,1105,X05-2AL12,40.05,entrega; banco
GRATTO INMOBILIARIA,CÉSAR VALLEJO 1176,1106,X06-2AL12,58.68,entrega; banco
GRATTO INMOBILIARIA,CÉSAR VALLEJO 1176,102,X105,68.74,entrega; banco
GRATTO INMOBILIARIA,CÉSAR VALLEJO 1176,103,X106,73.39,entrega; banco
GRATTO INMOBILIARIA,CÉSAR VALLEJO 1176,201,X01,40.06,entrega; banco
GRATTO INMOBILIARIA,CÉSAR VALLEJO 1176,202,X02,53.5,entrega; banco
GRATTO INMOBILIARIA,CÉSAR VALLEJO 1176,203,X03,69.61,entrega; banco
GRATTO INMOBILIARIA,CÉSAR VALLEJO 1176,204,X04-2AL12,50.45,entrega; banco
GRATTO INMOBILIARIA,CÉSAR VALLEJO 1176,206,X06-2AL12,58.68,entrega; banco
GRATTO INMOBILIARIA,CÉSAR VALLEJO 1176,301,X01,40.06,entrega; banco
GRATTO INMOBILIARIA,CÉSAR VALLEJO 1176,205,X05-2AL12,40.05,entrega; banco
GRATTO INMOBILIARIA,CÉSAR VALLEJO 1176,302,X02,53.5,entrega; banco
GRATTO INMOBILIARIA,CÉSAR VALLEJO 1176,303,X03,69.61,entrega; banco
GRATTO INMOBILIARIA,CÉSAR VALLEJO 1176,304,X04-2AL12,50.45,entrega; banco
GRATTO INMOBILIARIA,CÉSAR VALLEJO 1176,1404,X04-13AL22,50.45,entrega; banco
GRATTO INMOBILIARIA,CÉSAR VALLEJO 1176,1405,X05-13AL22,40.05,entrega; banco
GRATTO INMOBILIARIA,CÉSAR VALLEJO 1176,1403,X03,69.61,entrega; banco
GRATTO INMOBILIARIA,CÉSAR VALLEJO 1176,306,X06-2AL12,58.68,entrega; banco
GRATTO INMOBILIARIA,CÉSAR VALLEJO 1176,305,X05-2AL12,40.05,entrega; banco
GRATTO INMOBILIARIA,CÉSAR VALLEJO 1176,402,X02,53.5,entrega; banco
GRATTO INMOBILIARIA,CÉSAR VALLEJO 1176,401,X01,40.06,entrega; banco
GRATTO INMOBILIARIA,CÉSAR VALLEJO 1176,1302,X02,53.5,entrega; banco
GRATTO INMOBILIARIA,CÉSAR VALLEJO 1176,403,X03,69.61,entrega; banco
GRATTO INMOBILIARIA,CÉSAR VALLEJO 1176,1305,X05-13AL22,40.05,entrega; banco
GRATTO INMOBILIARIA,CÉSAR VALLEJO 1176,405,X05-2AL12,40.05,entrega; banco
GRATTO INMOBILIARIA,CÉSAR VALLEJO 1176,404,X04-2AL12,50.45,entrega; banco
GRATTO INMOBILIARIA,CÉSAR VALLEJO 1176,406,X06-2AL12,58.68,entrega; banco
GRATTO INMOBILIARIA,CÉSAR VALLEJO 1176,1203,X03,69.61,entrega; banco
GRATTO INMOBILIARIA,CÉSAR VALLEJO 1176,1301,X01,40.06,entrega; banco
GRATTO INMOBILIARIA,CÉSAR VALLEJO 1176,501,X01,40.06,entrega; banco
GRATTO INMOBILIARIA,CÉSAR VALLEJO 1176,1205,X05-2AL12,40.05,entrega; banco
GRATTO INMOBILIARIA,CÉSAR VALLEJO 1176,503,X03,69.61,entrega; banco
GRATTO INMOBILIARIA,CÉSAR VALLEJO 1176,502,X02,53.5,entrega; banco
GRATTO INMOBILIARIA,CÉSAR VALLEJO 1176,505,X05-2AL12,40.05,entrega; banco
GRATTO INMOBILIARIA,CÉSAR VALLEJO 1176,601,X01,40.06,entrega; banco
GRATTO INMOBILIARIA,CÉSAR VALLEJO 1176,506,X06-2AL12,58.68,entrega; banco
GRATTO INMOBILIARIA,CÉSAR VALLEJO 1176,602,X02,53.5,entrega; banco
GRATTO INMOBILIARIA,CÉSAR VALLEJO 1176,1004,X04-2AL12,50.45,entrega; banco
GRATTO INMOBILIARIA,CÉSAR VALLEJO 1176,1102,X02,53.5,entrega; banco
GRATTO INMOBILIARIA,CÉSAR VALLEJO 1176,603,X03,69.61,entrega; banco
GRATTO INMOBILIARIA,CÉSAR VALLEJO 1176,605,X05-2AL12,40.05,entrega; banco
GRATTO INMOBILIARIA,CÉSAR VALLEJO 1176,604,X04-2AL12,50.45,entrega; banco
GRATTO INMOBILIARIA,CÉSAR VALLEJO 1176,1002,X02,53.5,entrega; banco
GRATTO INMOBILIARIA,CÉSAR VALLEJO 1176,805,X05-2AL12,40.05,entrega; banco
GRATTO INMOBILIARIA,CÉSAR VALLEJO 1176,606,X06-2AL12,58.68,entrega; banco
GRATTO INMOBILIARIA,CÉSAR VALLEJO 1176,701,X01,40.06,entrega; banco
GRATTO INMOBILIARIA,CÉSAR VALLEJO 1176,1001,X01,40.06,entrega; banco
GRATTO INMOBILIARIA,CÉSAR VALLEJO 1176,702,X02,53.5,entrega; banco
GRATTO INMOBILIARIA,CÉSAR VALLEJO 1176,703,X03,69.61,entrega; banco
GRATTO INMOBILIARIA,CÉSAR VALLEJO 1176,903,X03,69.61,entrega; banco
GRATTO INMOBILIARIA,CÉSAR VALLEJO 1176,704,X04-2AL12,50.45,entrega; banco
GRATTO INMOBILIARIA,CÉSAR VALLEJO 1176,705,X05-2AL12,40.05,entrega; banco
GRATTO INMOBILIARIA,CÉSAR VALLEJO 1176,801,X01,40.06,entrega; banco
GRATTO INMOBILIARIA,CÉSAR VALLEJO 1176,802,X02,53.5,entrega; banco
GRATTO INMOBILIARIA,CÉSAR VALLEJO 1176,706,X06-2AL12,58.68,entrega; banco
GRATTO INMOBILIARIA,CÉSAR VALLEJO 1176,804,X04-2AL12,50.45,entrega; banco
GRATTO INMOBILIARIA,CÉSAR VALLEJO 1176,803,X03,69.61,entrega; banco
GRATTO INMOBILIARIA,CÉSAR VALLEJO 1176,902,X02,53.5,entrega; banco
GRATTO INMOBILIARIA,CÉSAR VALLEJO 1176,901,X01,40.06,entrega; banco
GRATTO INMOBILIARIA,CÉSAR VALLEJO 1176,806,X06-2AL12,58.68,entrega; banco
GRATTO INMOBILIARIA,CÉSAR VALLEJO 1176,905,X05-2AL12,40.05,entrega; banco
GRATTO INMOBILIARIA,CÉSAR VALLEJO 1176,1006,X06-2AL12,58.68,entrega; banco
GRATTO INMOBILIARIA,CÉSAR VALLEJO 1176,904,X04-2AL12,50.45,entrega; banco
GRATTO INMOBILIARIA,CÉSAR VALLEJO 1176,906,X06-2AL12,58.68,entrega; banco
GRATTO INMOBILIARIA,CÉSAR VALLEJO 1176,1003,X03,69.61,entrega; banco
GRATTO INMOBILIARIA,CÉSAR VALLEJO 1176,1005,X05-2AL12,40.05,entrega; banco
GRATTO INMOBILIARIA,CÉSAR VALLEJO 1176,1201,X01,40.06,entrega; banco
GRATTO INMOBILIARIA,CÉSAR VALLEJO 1176,1101,X01,40.06,entrega; banco
GRATTO INMOBILIARIA,CÉSAR VALLEJO 1176,1104,X04-2AL12,50.45,entrega; banco
GRATTO INMOBILIARIA,CÉSAR VALLEJO 1176,1103,X03,69.61,entrega; banco
GRATTO INMOBILIARIA,CÉSAR VALLEJO 1176,1204,X04-2AL12,50.45,entrega; banco
GRATTO INMOBILIARIA,CÉSAR VALLEJO 1176,1206,X06-2AL12,58.68,entrega; banco
GRATTO INMOBILIARIA,CÉSAR VALLEJO 1176,1303,X03,69.61,entrega; banco
URBANA,TEMPO,311,,74.51,vista
URBANA,TEMPO,2511,,74.51,vista
URBANA,TEMPO,2510,,59.85,vista
URBANA,TEMPO,2411,,74.51,vista
URBANA,TEMPO,2410,,59.04,vista
URBANA,TEMPO,2408,,59.8,vista
URBANA,TEMPO,2311,,74.51,vista
URBANA,TEMPO,2310,,59.85,vista
URBANA,TEMPO,2211,,74.51,vista
URBANA,TEMPO,2210,,59.04,vista
GRUPO SANTA MARÍA,STANDARD,1909,TIPO 2109,82.07,vista
GRUPO SANTA MARÍA,STANDARD,2109,TIPO 2109,60.1,vista
URBANA,TEMPO,2111,,74.51,vista
URBANA,TEMPO,2110,,59.85,vista
URBANA,TEMPO,2011,,74.51,vista
URBANA,TEMPO,2008,,59.8,vista
GRUPO SANTA MARÍA,STANDARD,208,TIPO 208,51.24,vista
URBANA,TEMPO,1910,,59.85,vista
URBANA,TEMPO,1711,,74.51,vista
URBANA,TEMPO,1710,,59.85,vista
URBANA,TEMPO,1908,,59,vista
GRUPO LAR,ELANT 2,104,B-104-2,88.45,dormitorios; vista
URBANA,TEMPO,1611,,74.51,vista
GRUPO SANTA MARÍA,STANDARD,203,TIPO 203,40.64,vista
URBANA,TEMPO,1607,,74.51,vista
URBANA,TEMPO,1511,,74.51,vista
URBANA,TEMPO,1510,,59.85,vista
URBANA,TEMPO,1507,,74.51,vista
V&V,VILLARÁN 2,102,PENDIENTE,70.3,dormitorios
V&V,VILLARÁN 2,216,PENDIENTE,55.1,dormitorios
V&V,VILLARÁN 2,416,PENDIENTE,55.1,dormitorios
URBANA,TEMPO,1311,,74.51,vista
V&V,VILLARÁN 1,X,T1-SÓTANO 1,71.3,vista
URBANA,TEMPO,1807,,74.51,vista
INVENT,CUBA 1142,2202,X02,134.93,dormitorios; vista
ALBAMAR,ALMA,1403,C,53.79,dormitorios
ALBAMAR,ALMA,1503,C,53.79,dormitorios
ALBAMAR,ALMA,1405,E,54.52,dormitorios
ALBAMAR,ALMA,1305,E,54.52,dormitorios
ALBAMAR,ALMA,1303,C,53.79,dormitorios
ALBAMAR,ALMA,1005,E,54.52,dormitorios
ALBAMAR,ALMA,905,E,54.52,dormitorios
ALBAMAR,ALMA,803,C,53.79,dormitorios
ALBAMAR,ALMA,705,E,54.52,dormitorios
ALBAMAR,ALMA,703,C,53.79,dormitorios
ALBAMAR,ALMA,605,E,54.52,dormitorios
ALBAMAR,ALMA,603,C,53.79,dormitorios
ALBAMAR,ALMA,505,E,54.52,dormitorios
ALBAMAR,ALMA,503,C,53.79,dormitorios
ALBAMAR,ALMA,405,E,54.52,dormitorios
ALBAMAR,ALMA,403,C,53.79,dormitorios
ALBAMAR,ALMA,305,E,54.52,dormitorios
ALBAMAR,ALMA,303,C,53.79,dormitorios
ALBAMAR,ALMA,205,E,54.52,dormitorios
ALBAMAR,ALMA,203,C,53.79,dormitorios
INVENT,JOSE OLAYA 225 A,1205,X05,56.34,vista
INVENT,JOSE OLAYA 225 A,1105,X05,56.34,vista
2K,MAR DE GRAU,603,X03,38.8,dormitorios
INARCO,VILLA CAMPIÑA,310,TIPO X10,65.06,entrega
GDC,CASA DE OSMA,1106,B X06 (2),40.65,vista
GDC,CASA DE OSMA,1006,B X06 (2),40.65,vista
GDC,CASA DE OSMA,802,B X02 (2),40.46,vista
GDC,CASA DE OSMA,1203,B X03(2),40.46,vista
GDC,CASA DE OSMA,1114,B X14,42.82,vista
GDC,CASA DE OSMA,913,B X13 (2),42.41,vista
GDC,CASA DE OSMA,1104,A X04 (3),70.47,vista
GDC,CASA DE OSMA,1005,A X05 (3),74.47,vista
GDC,CASA DE OSMA,602,A X02,55,vista
GDC,CASA DE OSMA,805,A X05 (4),76.88,vista
IFI,MYKONOS,1,TIPO 2A,106,dormitorios
GDC,CASA DE OSMA,906,A X06 (1),62.21,vista
GDC,CASA DE OSMA,305,A X05 (2),74.47,vista
GDC,CASA DE OSMA,304,A X04 (3),70.47,vista
GDC,CASA DE OSMA,706,A X06 (2),59.13,vista
GDC,CASA DE OSMA,1006,A X06 (2),59.13,vista
GDC,CASA DE OSMA,606,A X06 (2),59.13,vista
GDC,CASA DE OSMA,306,A X06 (2),59.13,vista
GDC,CASA DE OSMA,605,A X05 (3),74.47,vista
GDC,CASA DE OSMA,903,A X03,55.57,vista
GDC,CASA DE OSMA,705,A X05 (3),74.47,vista
GDC,CASA DE OSMA,804,A X04 (3),70.47,vista
ALBAMAR,FLEX,2206,M,66.82,dormitorios
ALBAMAR,FLEX,2205,K,60.21,dormitorios
ALBAMAR,FLEX,2203,G,60.11,dormitorios
ALBAMAR,FLEX,2202,C,65.61,dormitorios
ALBAMAR,FLEX,2201,A,55.01,dormitorios
ALBAMAR,FLEX,2111,T,63.98,dormitorios
ALBAMAR,FLEX,2110,S,66.57,dormitorios
ALBAMAR,FLEX,2108,Q,54.02,dormitorios
ALBAMAR,FLEX,2107,O,50.11,dormitorios
ALBAMAR,FLEX,2106,M,66.82,dormitorios
ALBAMAR,FLEX,2105,K,60.21,dormitorios
ALBAMAR,FLEX,2104,I,59.55,dormitorios
ALBAMAR,FLEX,2103,G,60.11,dormitorios
ALBAMAR,FLEX,2102,C,65.61,dormitorios
ALBAMAR,FLEX,2101,A,55.09,dormitorios
ALBAMAR,FLEX,2011,T,63.98,dormitorios
ALBAMAR,FLEX,2010,S,66.57,dormitorios
ALBAMAR,FLEX,2008,Q,54.02,dormitorios
ALBAMAR,FLEX,2007,O,50.11,dormitorios
ALBAMAR,FLEX,2006,M,66.82,dormitorios
ALBAMAR,FLEX,2004,I,59.55,dormitorios
ALBAMAR,FLEX,2003,G,60.11,dormitorios
ALBAMAR,FLEX,2002,C,65.61,dormitorios
ALBAMAR,FLEX,1911,T,63.98,dormitorios
ALBAMAR,FLEX,1910,S,66.57,dormitorios
ALBAMAR,FLEX,1908,Q,54.02,dormitorios
ALBAMAR,FLEX,1907,O,50.11,dormitorios
ALBAMAR,FLEX,1906,M,66.82,dormitorios
ALBAMAR,FLEX,1905,K,60.21,dormitorios
ALBAMAR,FLEX,1904,I,59.55,dormitorios
ALBAMAR,FLEX,1903,G,60.11,dormitorios
ALBAMAR,FLEX,1902,C,65.61,dormitorios
ALBAMAR,FLEX,1811,T,63.98,dormitorios
ALBAMAR,FLEX,1810,S,66.57,dormitorios
ALBAMAR,FLEX,1808,Q,54.02,dormitorios
ALBAMAR,FLEX,1807,O,50.11,dormitorios
ALBAMAR,FLEX,1806,M,66.82,dormitorios
ALBAMAR,FLEX,1805,K,60.21,dormitorios
ALBAMAR,FLEX,1804,I,59.55,dormitorios
ALBAMAR,FLEX,1803,G,60.11,dormitorios
ALBAMAR,FLEX,1802,C,65.61,dormitorios
ALBAMAR,FLEX,1711,T,63.98,dormitorios
ALBAMAR,FLEX,1710,S,66.57,dormitorios
ALBAMAR,FLEX,1708,Q,54.02,dormitorios
ALBAMAR,FLEX,1707,O,50.11,dormitorios
ALBAMAR,FLEX,1706,M,66.82,dormitorios
ALBAMAR,FLEX,1705,K,60.21,dormitorios
ALBAMAR,FLEX,1704,I,59.55,dormitorios
ALBAMAR,FLEX,1703,G,60.11,dormitorios
ALBAMAR,FLEX,1702,C,65.61,dormitorios
ALBAMAR,FLEX,1611,T,63.98,dormitorios
ALBAMAR,FLEX,1607,O,50.11,dormitorios
ALBAMAR,FLEX,1606,M,66.82,dormitorios
ALBAMAR,FLEX,1605,K,60.21,dormitorios
ALBAMAR,FLEX,1603,G,60.11,dormitorios
ALBAMAR,FLEX,1602,C,65.61,dormitorios
ALBAMAR,FLEX,1601,A,55.09,dormitorios
ALBAMAR,FLEX,1511,T,63.98,dormitorios
ALBAMAR,FLEX,1510,S,66.57,dormitorios
ALBAMAR,FLEX,1508,Q,54.02,dormitorios
ALBAMAR,FLEX,1507,O,50.11,dormitorios
ALBAMAR,FLEX,1506,M,66.82,dormitorios
ALBAMAR,FLEX,1505,K,60.21,dormitorios
ALBAMAR,FLEX,1504,I,59.55,dormitorios
ALBAMAR,FLEX,1503,G,60.11,dormitorios
ALBAMAR,FLEX,1502,C,65.61,dormitorios
ALBAMAR,FLEX,1501,A,55.09,dormitorios
ALBAMAR,FLEX,1411,T,63.98,dormitorios
ALBAMAR,FLEX,1410,S,66.57,dormitorios
ALBAMAR,FLEX,1408,Q,54.02,dormitorios
ALBAMAR,FLEX,1407,O,50.11,dormitorios
ALBAMAR,FLEX,1406,M,66.82,dormitorios
ALBAMAR,FLEX,1405,K,60.21,dormitorios
ALBAMAR,FLEX,1403,G,60.11,dormitorios
ALBAMAR,FLEX,1402,C,65.61,dormitorios
ALBAMAR,FLEX,1401,A,55.09,dormitorios
ALBAMAR,FLEX,1311,T,63.98,dormitorios
ALBAMAR,FLEX,1310,S,66.57,dormitorios
ALBAMAR,FLEX,1308,Q,54.02,dormitorios
ALBAMAR,FLEX,1307,O,50.11,dormitorios
ALBAMAR,FLEX,1305,K,60.21,dormitorios
ALBAMAR,FLEX,1304,I,59.55,dormitorios
URBANA,S14,1902,,66.2,vista
ALBAMAR,FLEX,1303,G,60.11,dormitorios
ALBAMAR,FLEX,1302,C,65.61,dormitorios
ALBAMAR,FLEX,1301,A,55.09,dormitorios
ALBAMAR,FLEX,1211,T,63.98,dormitorios
ALBAMAR,FLEX,1210,S,66.57,dormitorios
ALBAMAR,FLEX,1208,Q,54.02,dormitorios
ALBAMAR,FLEX,1207,O,50.11,dormitorios
ALBAMAR,FLEX,1206,M,66.82,dormitorios
ALBAMAR,FLEX,1205,K,60.21,dormitorios
ALBAMAR,FLEX,1203,G,60.11,dormitorios
ALBAMAR,FLEX,1202,C,65.61,dormitorios
ALBAMAR,FLEX,1201,A,55.09,dormitorios
ALBAMAR,FLEX,1111,T,63.98,dormitorios
ALBAMAR,FLEX,1110,S,66.57,dormitorios
ALBAMAR,FLEX,1107,O,50.11,dormitorios
ALBAMAR,FLEX,1105,K,60.21,dormitorios
ALBAMAR,FLEX,1104,I,59.55,dormitorios
ALBAMAR,FLEX,1103,G,60.11,dormitorios
ALBAMAR,FLEX,1102,C,65.61,dormitorios
ALBAMAR,FLEX,1101,A,55.09,dormitorios
ALBAMAR,FLEX,1011,T,63.98,dormitorios
ALBAMAR,FLEX,1010,S,66.57,dormitorios
ALBAMAR,FLEX,1005,K,60.21,dormitorios
ALBAMAR,FLEX,1003,G,60.11,dormitorios
ALBAMAR,FLEX,1001,A,55.09,dormitorios
ALBAMAR,FLEX,911,T,63.98,dormitorios
ALBAMAR,FLEX,910,S,66.57,dormitorios
ALBAMAR,FLEX,908,Q,54.02,dormitorios
ALBAMAR,FLEX,907,O,50.11,dormitorios
ALBAMAR,FLEX,906,M,66.82,dormitorios
ALBAMAR,FLEX,905,K,60.21,dormitorios
ALBAMAR,FLEX,904,I,59.55,dormitorios
ALBAMAR,FLEX,903,G,60.11,dormitorios
ALBAMAR,FLEX,902,C,65.61,dormitorios
ALBAMAR,FLEX,901,A,55.09,dormitorios
ALBAMAR,FLEX,811,T,63.98,dormitorios
ALBAMAR,FLEX,810,S,66.57,dormitorios
ALBAMAR,FLEX,808,Q,54.02,dormitorios
ALBAMAR,FLEX,807,O,50.11,dormitorios
ALBAMAR,FLEX,805,K,60.21,dormitorios
ALBAMAR,FLEX,804,I,59.55,dormitorios
ALBAMAR,FLEX,802,C,65.61,dormitorios
ALBAMAR,FLEX,801,A,55.09,dormitorios
ALBAMAR,FLEX,711,T,63.98,dormitorios
ALBAMAR,FLEX,708,Q,54.02,dormitorios
ALBAMAR,FLEX,706,M,66.82,dormitorios
ALBAMAR,FLEX,705,K,60.21,dormitorios
ALBAMAR,FLEX,704,I,59.55,dormitorios
ALBAMAR,FLEX,703,G,60.11,dormitorios
ALBAMAR,FLEX,702,C,65.61,dormitorios
ALBAMAR,FLEX,701,A,55.09,dormitorios
ALBAMAR,FLEX,611,T,63.98,dormitorios
ALBAMAR,FLEX,608,Q,54.02,dormitorios
ALBAMAR,FLEX,607,O,50.11,dormitorios
ALBAMAR,FLEX,606,M,66.82,dormitorios
ALBAMAR,FLEX,605,K,60.21,dormitorios
ALBAMAR,FLEX,603,G,60.11,dormitorios
ALBAMAR,FLEX,602,C,65.61,dormitorios
ALBAMAR,FLEX,511,T,63.98,dormitorios
ALBAMAR,FLEX,510,S,66.57,dormitorios
ALBAMAR,FLEX,508,Q,54.02,dormitorios
ALBAMAR,FLEX,507,O,50.11,dormitorios
ALBAMAR,FLEX,505,K,60.21,dormitorios
ALBAMAR,FLEX,504,I,59.55,dormitorios
ALBAMAR,FLEX,503,G,60.11,dormitorios
ALBAMAR,FLEX,502,C,65.61,dormitorios
ALBAMAR,FLEX,501,A,55.09,dormitorios
ALBAMAR,FLEX,411,T,63.98,dormitorios
ALBAMAR,FLEX,410,S,66.57,dormitorios
ALBAMAR,FLEX,408,Q,54.02,dormitorios
ALBAMAR,FLEX,407,O,50.11,dormitorios
ALBAMAR,FLEX,405,K,60.21,dormitorios
ALBAMAR,FLEX,404,I,59.55,dormitorios
ALBAMAR,FLEX,403,G,60.11,dormitorios
ALBAMAR,FLEX,402,C,65.61,dormitorios
ALBAMAR,FLEX,311,T,63.98,dormitorios
ALBAMAR,FLEX,310,S,66.57,dormitorios
ALBAMAR,FLEX,308,Q,54.02,dormitorios
ALBAMAR,FLEX,307,O,50.11,dormitorios
ALBAMAR,FLEX,305,K,60.21,dormitorios
ALBAMAR,FLEX,304,I,59.55,dormitorios
ALBAMAR,FLEX,303,G,60.11,dormitorios
ALBAMAR,FLEX,302,C,65.61,dormitorios
ALBAMAR,FLEX,211,T,64.4,dormitorios
ALBAMAR,FLEX,208,Q,54.02,dormitorios
ALBAMAR,FLEX,207,O,50.11,dormitorios
ALBAMAR,FLEX,205,K,60.21,dormitorios
ALBAMAR,FLEX,204,I,59.55,dormitorios
ALBAMAR,FLEX,203,G,60.11,dormitorios
ALBAMAR,FLEX,202,C,65.61,dormitorios
INVENT,ALTANOVA,2203,X03,56.77,dormitorios
INVENT,ALTANOVA,2202,X02,56.77,dormitorios
URBANA,S14,1702,,66.2,vista
INVENT,ALTANOVA,2103,X03,56.77,dormitorios
INVENT,ALTANOVA,2102,X02,56.77,dormitorios
INVENT,ALTANOVA,2003,X03,56.77,dormitorios
INVENT,ALTANOVA,2002,X02,56.77,dormitorios
INVENT,ALTANOVA,1903,X03,56.77,dormitorios
INVENT,ALTANOVA,1902,X02,56.77,dormitorios
INVENT,ALTANOVA,1803,X03,56.77,dormitorios
INVENT,ALTANOVA,1802,X02,56.77,dormitorios
URBANA,S14,1003,,66.33,vista
INVENT,ALTANOVA,1703,X03,56.77,dormitorios
INVENT,ALTANOVA,1603,X03,56.77,dormitorios
INVENT,ALTANOVA,1503,X03,56.77,dormitorios
INVENT,ALTANOVA,1403,X03,56.77,dormitorios
INVENT,ALTANOVA,1303,X03,56.77,dormitorios
INVENT,ALTANOVA,1203,X03,56.77,dormitorios
INVENT,ALTANOVA,1103,X03,56.77,dormitorios
INVENT,ALTANOVA,1003,X03,56.77,dormitorios
INVENT,ALTANOVA,903,X03,56.77,dormitorios
INVENT,ALTANOVA,803,X03,56.77,dormitorios
INVENT,ALTANOVA,703,X03,56.77,dormitorios
INVENT,ALTANOVA,603,X03,56.77,dormitorios
INVENT,ALTANOVA,503,X03,56.77,dormitorios
INVENT,ALTANOVA,403,X03,56.77,dormitorios
INVENT,ALTANOVA,303,X03,56.77,dormitorios
INVENT,ALTANOVA,203,X03,56.77,dormitorios
INVENT,ALTANOVA,1702,X02,56.77,dormitorios
INVENT,ALTANOVA,1602,X02,56.77,dormitorios
INVENT,ALTANOVA,1502,X02,56.77,dormitorios
INVENT,ALTANOVA,1402,X02,56.77,dormitorios
INVENT,ALTANOVA,1302,X02,56.77,dormitorios
INVENT,ALTANOVA,1202,X02,56.77,dormitorios
INVENT,ALTANOVA,1102,X02,56.77,dormitorios
INVENT,ALTANOVA,1002,X02,56.77,dormitorios
INVENT,ALTANOVA,902,X02,56.77,dormitorios
INVENT,ALTANOVA,802,X02,56.77,dormitorios
INVENT,ALTANOVA,702,X02,56.77,dormitorios
INVENT,ALTANOVA,602,X02,56.77,dormitorios
INVENT,ALTANOVA,502,X02,56.77,dormitorios
INVENT,ALTANOVA,402,X02,56.77,dormitorios
INVENT,ALTANOVA,302,X02,56.77,dormitorios
INVENT,ALTANOVA,202,X02,56.77,dormitorios
URBANA,S14,1603,,66.33,vista
URBANA,S14,2002,,129.3,vista
URBANA,S14,1503,,66.33,vista
URBANA,S14,1303,,66.33,vista
URBANA,S14,2006,,109.15,vista
GRUPO MG,VISTA VERDE,2011,X11,151.5,dormitorios
GRUPO MG,VISTA VERDE,1907,X07,73.1,dormitorios
GRUPO MG,VISTA VERDE,1807,X07,79.4,dormitorios
GRUPO MG,VISTA VERDE,1804,X04,71.4,dormitorios
GRUPO MG,VISTA VERDE,1706,X06,71.4,dormitorios
GRUPO MG,VISTA VERDE,1311,X11,2026-05-31 00:00:00,area
GRUPO MG,VISTA VERDE,706,X06,71.4,dormitorios
GRUPO MG,SMART A,1002,X02,82.5,dormitorios
GRUPO MG,SMART A,1001,X01,83.35,dormitorios
URBANA,S14,1502,,66.2,vista
URBANA,S14,1402,,66.2,vista
URBANA,S14,2005,,108.39,vista
GRUPO MG,LOS PINOS III,1507,X07,81.9,dormitorios
URBANA,S14,1301,,66.55,vista
URBANA,S14,1203,,66.33,vista
URBANA,S14,1108,,69.41,vista
URBANA,S14,1401,,66.55,vista
GRUPO LAR,QANTUA,603,J-603,40.28,vista
GRUPO LAR,QANTUA,503,J-503,40.28,vista
GRUPO LAR,QANTUA,403,J-403,40.28,vista
GRUPO LAR,QANTUA,303,J-303,40.28,vista
GRUPO LAR,QANTUA,203,J-203,40.28,vista
GRUPO LAR,QANTUA,103,J-103,40.28,vista
GRUPO LAR,QANTUA,604,I-604,40.18,vista
GRUPO LAR,QANTUA,603,I-603,40.28,vista
GRUPO LAR,QANTUA,503,I-503,40.28,vista
GRUPO LAR,QANTUA,404,I-404,40.18,vista
GRUPO LAR,QANTUA,403,I-403,40.28,vista
GRUPO LAR,QANTUA,304,I-304,40.18,vista
GRUPO LAR,QANTUA,303,I-303,40.28,vista
GRUPO LAR,QANTUA,204,I-204,40.18,vista
GRUPO LAR,QANTUA,203,I-203,40.28,vista
GRUPO LAR,QANTUA,104,I-104,40.18,vista
GRUPO LAR,QANTUA,103,I-103,40.28,vista
GRUPO LAR,QANTUA,605,H-605,40.33,vista
GRUPO LAR,QANTUA,607,G-607,40.32,vista
GRUPO LAR,QANTUA,601,G-601,40.03,vista
GRUPO LAR,QANTUA,514,G-514,40.29,vista
GRUPO LAR,QANTUA,417,G-417,40.03,vista
GRUPO LAR,QANTUA,414,G-414,40.29,vista
GRUPO LAR,QANTUA,316,G-316,40.03,vista
GRUPO LAR,QANTUA,312,G-312,40.29,vista
GRUPO LAR,QANTUA,2,F-SS02,83.54,dormitorios; vista
GRUPO LAR,QANTUA,3,E-SS03,84.16,dormitorios; vista
GRUPO LAR,QANTUA,2,E-SS02,82.92,dormitorios; vista
GRUPO LAR,QANTUA,1,E-SS01,102.86,dormitorios; vista
GRUPO LAR,QANTUA,3,D-SS03,83.55,dormitorios; vista
IMAGINA,ALTO LIMA PARK,1608,DPTO B208 AL B2108,64.19,vista
IMAGINA,ALTO LIMA PARK,1503,DPTO B203 AL B2103,64.07,vista
IMAGINA,ALTO LIMA PARK,1005,DPTO B205 AL B2105,64.05,vista
IMAGINA,ALTO LIMA PARK,801,DPTO B201 AL B2101,72.82,dormitorios; vista
IMAGINA,ALTO LIMA PARK,605,DPTO B205 AL B2105,64.05,vista
IMAGINA,ALTO LIMA PARK,505,DPTO B205 AL B2105,64.05,vista
IMAGINA,ALTO LIMA PARK,407,DPTO B207 AL B2107,72.17,dormitorios; vista
IMAGINA,ALTO LIMA PARK,1608,DPTO A208 AL A2008,72.82,dormitorios; vista
IMAGINA,ALTO LIMA PARK,908,DPTO A208 AL A2008,72.82,dormitorios; vista
IMAGINA,ALTO LIMA PARK,802,DPTO A202 AL A2002,72.17,dormitorios; vista
IMAGINA,ALTO LIMA PARK,706,DPTO A206 AL A2006,64.07,vista
IMAGINA,ALTO LIMA PARK,701,DPTO A201 AL A2001,64.19,vista
IMAGINA,ALTO LIMA PARK,504,DPTO A204 AL A2004,64.05,vista
IMAGINA,ALTO ALBORADA 1,605,DPTO A205 AL A2005,72.63,dormitorios
IMAGINA,ALTO ALBORADA 1,204,DPTO A204 AL A2004,72.63,dormitorios
IMAGINA,ALTO ALBORADA 2,2310,DPTO C210 AL C2310,66.34,vista
IMAGINA,ALTO ALBORADA 2,2309,DPTO C209 AL C2309,66.22,vista
IMAGINA,ALTO ALBORADA 2,2304,DPTO C204 AL C2304,64.45,vista
IMAGINA,ALTO ALBORADA 2,2209,DPTO C209 AL C2309,66.22,vista
IMAGINA,ALTO ALBORADA 2,2205,DPTO C205 AL C2305,64.25,vista
IMAGINA,ALTO ALBORADA 2,2204,DPTO C204 AL C2304,64.45,vista
IMAGINA,ALTO ALBORADA 2,2203,DPTO C203 AL C2303,66.22,vista
IMAGINA,ALTO ALBORADA 2,2110,DPTO C210 AL C2310,66.34,vista
IMAGINA,ALTO ALBORADA 2,2109,DPTO C209 AL C2309,66.22,vista
IMAGINA,ALTO ALBORADA 2,2108,DPTO C208 AL C2308,64.49,vista
IMAGINA,ALTO ALBORADA 2,2102,DPTO C202 AL C2302,64.11,vista
IMAGINA,ALTO ALBORADA 2,2101,DPTO C201 AL C2301,64.51,vista
IMAGINA,ALTO ALBORADA 2,2010,DPTO C210 AL C2310,66.34,vista
IMAGINA,ALTO ALBORADA 2,2005,DPTO C205 AL C2305,64.25,vista
IMAGINA,ALTO ALBORADA 2,1908,DPTO C208 AL C2308,64.49,vista
IMAGINA,ALTO ALBORADA 2,1904,DPTO C204 AL C2304,64.45,vista
IMAGINA,ALTO ALBORADA 2,1901,DPTO C201 AL C2301,64.51,vista
IMAGINA,ALTO ALBORADA 2,1810,DPTO C210 AL C2310,66.34,vista
IMAGINA,ALTO ALBORADA 2,1808,DPTO C208 AL C2308,64.49,vista
IMAGINA,ALTO ALBORADA 2,1807,DPTO C207 AL C2307,73.18,dormitorios; vista
IMAGINA,ALTO ALBORADA 2,1806,DPTO C206 AL C2306,73.18,dormitorios; vista
IMAGINA,ALTO ALBORADA 2,1804,DPTO C204 AL C2304,64.45,vista
IMAGINA,ALTO ALBORADA 2,1803,DPTO C203 AL C2303,66.22,vista
IMAGINA,ALTO ALBORADA 2,1802,DPTO C202 AL C2302,64.11,vista
IMAGINA,ALTO ALBORADA 2,1710,DPTO C210 AL C2310,66.34,vista
IMAGINA,ALTO ALBORADA 2,1709,DPTO C209 AL C2309,66.22,vista
IMAGINA,ALTO ALBORADA 2,1708,DPTO C208 AL C2308,64.49,vista
IMAGINA,ALTO ALBORADA 2,1706,DPTO C206 AL C2306,73.18,dormitorios; vista
IMAGINA,ALTO ALBORADA 2,1705,DPTO C205 AL C2305,64.25,vista
IMAGINA,ALTO ALBORADA 2,1704,DPTO C204 AL C2304,64.45,vista
IMAGINA,ALTO ALBORADA 2,1701,DPTO C201 AL C2301,64.51,vista
IMAGINA,ALTO ALBORADA 2,1610,DPTO C210 AL C2310,66.34,vista
IMAGINA,ALTO ALBORADA 2,1609,DPTO C209 AL C2309,66.22,vista
IMAGINA,ALTO ALBORADA 2,1608,DPTO C208 AL C2308,64.49,vista
IMAGINA,ALTO ALBORADA 2,1607,DPTO C207 AL C2307,73.18,dormitorios; vista
IMAGINA,ALTO ALBORADA 2,1606,DPTO C206 AL C2306,73.18,dormitorios; vista
IMAGINA,ALTO ALBORADA 2,1605,DPTO C205 AL C2305,64.25,vista
IMAGINA,ALTO ALBORADA 2,1601,DPTO C201 AL C2301,64.51,vista
IMAGINA,ALTO ALBORADA 2,1509,DPTO C209 AL C2309,66.22,vista
IMAGINA,ALTO ALBORADA 2,1505,DPTO C205 AL C2305,64.25,vista
IMAGINA,ALTO ALBORADA 2,1504,DPTO C204 AL C2304,64.45,vista
IMAGINA,ALTO ALBORADA 2,1503,DPTO C203 AL C2303,66.22,vista
IMAGINA,ALTO ALBORADA 2,1501,DPTO C201 AL C2301,64.51,vista
IMAGINA,ALTO ALBORADA 2,1410,DPTO C210 AL C2310,66.34,vista
IMAGINA,ALTO ALBORADA 2,1409,DPTO C209 AL C2309,66.22,vista
IMAGINA,ALTO ALBORADA 2,1407,DPTO C207 AL C2307,73.18,dormitorios; vista
IMAGINA,ALTO ALBORADA 2,1405,DPTO C205 AL C2305,64.25,vista
IMAGINA,ALTO ALBORADA 2,1404,DPTO C204 AL C2304,64.45,vista
IMAGINA,ALTO ALBORADA 2,1402,DPTO C202 AL C2302,64.11,vista
IMAGINA,ALTO ALBORADA 2,1304,DPTO C204 AL C2304,64.45,vista
IMAGINA,ALTO ALBORADA 2,1302,DPTO C202 AL C2302,64.11,vista
IMAGINA,ALTO ALBORADA 2,1210,DPTO C210 AL C2310,66.34,vista
IMAGINA,ALTO ALBORADA 2,1208,DPTO C208 AL C2308,64.49,vista
IMAGINA,ALTO ALBORADA 2,1207,DPTO C207 AL C2307,73.18,dormitorios; vista
IMAGINA,ALTO ALBORADA 2,1206,DPTO C206 AL C2306,73.18,dormitorios; vista
URBANA,S14,1201,,66.55,vista
IMAGINA,ALTO ALBORADA 2,1204,DPTO C204 AL C2304,64.45,vista
IMAGINA,ALTO ALBORADA 2,1201,DPTO C201 AL C2301,64.51,vista
IMAGINA,ALTO ALBORADA 2,1109,DPTO C209 AL C2309,66.22,vista
IMAGINA,ALTO ALBORADA 2,1108,DPTO C208 AL C2308,64.49,vista
IMAGINA,ALTO ALBORADA 2,1107,DPTO C207 AL C2307,73.18,dormitorios; vista
IMAGINA,ALTO ALBORADA 2,1105,DPTO C205 AL C2305,64.25,vista
IMAGINA,ALTO ALBORADA 2,1104,DPTO C204 AL C2304,64.45,vista
IMAGINA,ALTO ALBORADA 2,1103,DPTO C203 AL C2303,66.22,vista
IMAGINA,ALTO ALBORADA 2,1101,DPTO C201 AL C2301,64.51,vista
IMAGINA,ALTO ALBORADA 2,1010,DPTO C210 AL C2310,66.34,vista
IMAGINA,ALTO ALBORADA 2,1009,DPTO C209 AL C2309,66.22,vista
IMAGINA,ALTO ALBORADA 2,1007,DPTO C207 AL C2307,73.18,dormitorios; vista
IMAGINA,ALTO ALBORADA 2,1006,DPTO C206 AL C2306,73.18,dormitorios; vista
IMAGINA,ALTO ALBORADA 2,1004,DPTO C204 AL C2304,64.45,vista
IMAGINA,ALTO ALBORADA 2,1001,DPTO C201 AL C2301,64.51,vista
IMAGINA,ALTO ALBORADA 2,910,DPTO C210 AL C2310,66.34,vista
IMAGINA,ALTO ALBORADA 2,909,DPTO C209 AL C2309,66.22,vista
IMAGINA,ALTO ALBORADA 2,907,DPTO C207 AL C2307,73.18,dormitorios; vista
IMAGINA,ALTO ALBORADA 2,906,DPTO C206 AL C2306,73.18,dormitorios; vista
IMAGINA,ALTO ALBORADA 2,905,DPTO C205 AL C2305,64.25,vista
IMAGINA,ALTO ALBORADA 2,904,DPTO C204 AL C2304,64.45,vista
IMAGINA,ALTO ALBORADA 2,903,DPTO C203 AL C2303,66.22,vista
IMAGINA,ALTO ALBORADA 2,902,DPTO C202 AL C2302,64.11,vista
IMAGINA,ALTO ALBORADA 2,901,DPTO C201 AL C2301,64.51,vista
IMAGINA,ALTO ALBORADA 2,809,DPTO C209 AL C2309,66.22,vista
IMAGINA,ALTO ALBORADA 2,805,DPTO C205 AL C2305,64.25,vista
IMAGINA,ALTO ALBORADA 2,803,DPTO C203 AL C2303,66.22,vista
IMAGINA,ALTO ALBORADA 2,802,DPTO C202 AL C2302,64.11,vista
IMAGINA,ALTO ALBORADA 2,801,DPTO C201 AL C2301,64.51,vista
IMAGINA,ALTO ALBORADA 2,709,DPTO C209 AL C2309,66.22,vista
IMAGINA,ALTO ALBORADA 2,708,DPTO C208 AL C2308,64.49,vista
IMAGINA,ALTO ALBORADA 2,707,DPTO C207 AL C2307,73.18,dormitorios; vista
IMAGINA,ALTO ALBORADA 2,704,DPTO C204 AL C2304,64.45,vista
IMAGINA,ALTO ALBORADA 2,702,DPTO C202 AL C2302,64.11,vista
IMAGINA,ALTO ALBORADA 2,701,DPTO C201 AL C2301,64.51,vista
IMAGINA,ALTO ALBORADA 2,609,DPTO C209 AL C2309,66.22,vista
IMAGINA,ALTO ALBORADA 2,607,DPTO C207 AL C2307,73.18,dormitorios; vista
IMAGINA,ALTO ALBORADA 2,605,DPTO C205 AL C2305,64.25,vista
IMAGINA,ALTO ALBORADA 2,604,DPTO C204 AL C2304,64.45,vista
IMAGINA,ALTO ALBORADA 2,602,DPTO C202 AL C2302,64.11,vista
IMAGINA,ALTO ALBORADA 2,510,DPTO C210 AL C2310,66.34,vista
IMAGINA,ALTO ALBORADA 2,507,DPTO C207 AL C2307,73.18,dormitorios; vista
IMAGINA,ALTO ALBORADA 2,506,DPTO C206 AL C2306,73.18,dormitorios; vista
IMAGINA,ALTO ALBORADA 2,504,DPTO C204 AL C2304,64.45,vista
IMAGINA,ALTO ALBORADA 2,502,DPTO C202 AL C2302,64.11,vista
IMAGINA,ALTO ALBORADA 2,501,DPTO C201 AL C2301,64.51,vista
IMAGINA,ALTO ALBORADA 2,409,DPTO C209 AL C2309,66.22,vista
IMAGINA,ALTO ALBORADA 2,407,DPTO C207 AL C2307,73.18,dormitorios; vista
IMAGINA,ALTO ALBORADA 2,309,DPTO C209 AL C2309,66.22,vista
IMAGINA,ALTO ALBORADA 2,308,DPTO C208 AL C2308,64.49,vista
IMAGINA,ALTO ALBORADA 2,305,DPTO C205 AL C2305,64.25,vista
IMAGINA,ALTO ALBORADA 2,303,DPTO C203 AL C2303,66.22,vista
IMAGINA,ALTO ALBORADA 2,302,DPTO C202 AL C2302,64.11,vista
IMAGINA,ALTO ALBORADA 2,301,DPTO C201 AL C2301,64.51,vista
IMAGINA,ALTO ALBORADA 2,209,DPTO C209 AL C2309,66.22,vista
IMAGINA,ALTO ALBORADA 2,208,DPTO C208 AL C2308,64.49,vista
IMAGINA,ALTO ALBORADA 2,207,DPTO C207 AL C2307,73.18,dormitorios; vista
IMAGINA,ALTO ALBORADA 2,201,DPTO C201 AL C2301,64.51,vista
IMAGINA,ALTO ALBORADA 2,110,DPTO C110,70.28,vista
IMAGINA,ALTO ALBORADA 2,106,DPTO C106,77.25,vista
IMAGINA,ALTO ALBORADA 2,104,DPTO C104,68.65,vista
IMAGINA,ALTO LIMA PARK,306,DPTO A206 AL A2006,64.07,vista
IMAGINA,ALTO LIMA PARK,2002,DPTO B202 AL B2102,66.35,vista
IMAGINA,ALTO LIMA PARK,2102,DPTO B202 AL B2102,66.35,vista
IMAGINA,ALTO LIMA PARK,1902,DPTO B202 AL B2102,66.35,vista
IMAGINA,ALTO LIMA PARK,1802,DPTO B202 AL B2102,66.35,vista
IMAGINA,ALTO LIMA PARK,1708,DPTO B208 AL B2108,64.19,vista
IMAGINA,ALTO LIMA PARK,1707,DPTO B207 AL B2107,72.17,dormitorios; vista
IMAGINA,ALTO LIMA PARK,1706,DPTO B206 AL B2106,72.42,dormitorios; vista
IMAGINA,ALTO LIMA PARK,1702,DPTO B202 AL B2102,66.35,vista
IMAGINA,ALTO LIMA PARK,1607,DPTO B207 AL B2107,72.17,dormitorios; vista
IMAGINA,ALTO LIMA PARK,1606,DPTO B206 AL B2106,72.42,dormitorios; vista
IMAGINA,ALTO LIMA PARK,1605,DPTO B205 AL B2105,64.05,vista
IMAGINA,ALTO LIMA PARK,1604,DPTO B204 AL B2104,64.16,vista
IMAGINA,ALTO LIMA PARK,1507,DPTO B207 AL B2107,72.17,dormitorios; vista
IMAGINA,ALTO LIMA PARK,1505,DPTO B205 AL B2105,64.05,vista
IMAGINA,ALTO LIMA PARK,1504,DPTO B204 AL B2104,64.16,vista
IMAGINA,ALTO LIMA PARK,1301,DPTO B201 AL B2101,72.82,dormitorios; vista
IMAGINA,ALTO LIMA PARK,1204,DPTO B204 AL B2104,64.16,vista
IMAGINA,ALTO LIMA PARK,1104,DPTO B204 AL B2104,64.16,vista
IMAGINA,ALTO LIMA PARK,1103,DPTO B203 AL B2103,64.07,vista
IMAGINA,ALTO LIMA PARK,1101,DPTO B201 AL B2101,72.82,dormitorios; vista
IMAGINA,ALTO LIMA PARK,1004,DPTO B204 AL B2104,64.16,vista
IMAGINA,ALTO LIMA PARK,701,DPTO B201 AL B2101,72.82,dormitorios; vista
IMAGINA,ALTO LIMA PARK,603,DPTO B203 AL B2103,64.07,vista
IMAGINA,ALTO LIMA PARK,503,DPTO B203 AL B2103,64.07,vista
IMAGINA,ALTO LIMA PARK,406,DPTO B206 AL B2106,72.42,dormitorios; vista
IMAGINA,ALTO LIMA PARK,404,DPTO B204 AL B2104,64.16,vista
IMAGINA,ALTO LIMA PARK,305,DPTO B205 AL B2105,64.05,vista
IMAGINA,ALTO LIMA PARK,303,DPTO B203 AL B2103,64.07,vista
IMAGINA,ALTO LIMA PARK,205,DPTO B205 AL B2105,64.05,vista
IMAGINA,ALTO LIMA PARK,407,DPTO A207 AL A2007,66.35,vista
IMAGINA,ALTO LIMA PARK,406,DPTO A206 AL A2006,64.07,vista
IMAGINA,ALTO LIMA PARK,404,DPTO A204 AL A2004,64.05,vista
IMAGINA,ALTO LIMA PARK,307,DPTO A207 AL A2007,66.35,vista
IMAGINA,ALTO LIMA PARK,304,DPTO A204 AL A2004,64.05,vista
IMAGINA,ALTO LIMA PARK,207,DPTO A207 AL A2007,66.35,vista
IMAGINA,ALTO LIMA PARK,206,DPTO A206 AL A2006,64.07,vista
IMAGINA,ALTO LIMA PARK,205,DPTO A205 AL A2005,64.16,vista
IMAGINA,ALTO LIMA PARK,105,DPTO A105,75.16,dormitorios; vista
IMAGINA,ALTO ALBORADA 1,404,DPTO A204 AL A2004,72.63,dormitorios
IMAGINA,ALTO ALBORADA 1,202,DPTO B202 AL B2002,73.44,dormitorios
IMAGINA,ALTO ALBORADA 1,409,DPTO B209 AL B2009,72.85,dormitorios
IMAGINA,ALTO ALBORADA 1,301,DPTO B201 AL B2001,73.77,dormitorios
IMAGINA,ALTO ALBORADA 1,302,DPTO B202 AL B2002,73.44,dormitorios
IMAGINA,ALTO ALBORADA 1,508,DPTO B208 AL B2008,73.06,dormitorios
IMAGINA,ALTO ALBORADA 1,609,DPTO B209 AL B2009,72.85,dormitorios
IMAGINA,ALTO ALBORADA 1,501,DPTO B201 AL B2001,73.77,dormitorios
IMAGINA,ALTO ALBORADA 1,502,DPTO B202 AL B2002,73.44,dormitorios
IMAGINA,ALTO ALBORADA 1,602,DPTO B202 AL B2002,73.44,dormitorios
IMAGINA,ALTO ALBORADA 1,702,DPTO B202 AL B2002,73.44,dormitorios
URBANA,S14,1103,,66.33,vista
CANTABRIA,DUETTO 846-2,1105,TIPO 5,47.8,dormitorios
CANTABRIA,DUETTO 846-2,305,TIPO 5,47.8,dormitorios
CANTABRIA,DUETTO 846-2,205,TIPO 5,47.8,dormitorios
CANTABRIA,DUETTO 846-2,1103,TIPO 3,72.2,dormitorios
CANTABRIA,DUETTO 846-2,1101,TIPO 1,70.5,dormitorios
CANTABRIA,DUETTO 846-2,703,TIPO 3,72.2,dormitorios
CANTABRIA,DUETTO 846-2,601,TIPO 1,70.5,dormitorios
CANTABRIA,DUETTO 846-1,1105,TIPO 5,47.8,dormitorios
CANTABRIA,DUETTO 846-1,408,TIPO 8,59.65,dormitorios
CANTABRIA,DUETTO 846-1,1003,TIPO 3,72.2,dormitorios
CANTABRIA,DUETTO 846-1,1001,TIPO 1,70.8,dormitorios
CANTABRIA,DUETTO 846-1,601,TIPO 1,70.8,dormitorios
CANTABRIA,DUETTO 846-1,201,,68.9,dormitorios
ALBAMAR,RE+COLONIAL,1109,IZ,58.62,dormitorios
ALBAMAR,RE+COLONIAL,2301,A,64.48,dormitorios
ALBAMAR,RE+COLONIAL,2307,GX,65.43,dormitorios
ALBAMAR,RE+COLONIAL,2305,EV,44.94,dormitorios
ALBAMAR,RE+COLONIAL,2210,JAA,47.88,dormitorios
ALBAMAR,RE+COLONIAL,2208,HY,63.72,dormitorios
ALBAMAR,RE+COLONIAL,2207,GX,61.35,dormitorios
ALBAMAR,RE+COLONIAL,2204,DSU,62.89,dormitorios
ALBAMAR,RE+COLONIAL,2108,HY,63.72,dormitorios
ALBAMAR,RE+COLONIAL,2107,GX,63.15,dormitorios
ALBAMAR,RE+COLONIAL,2104,DSU,62.89,dormitorios
ALBAMAR,RE+COLONIAL,2008,HY,63.72,dormitorios
ALBAMAR,RE+COLONIAL,2007,GX,63.15,dormitorios
ALBAMAR,RE+COLONIAL,1907,GX,63.15,dormitorios
ALBAMAR,RE+COLONIAL,1904,DSU,62.89,dormitorios
ALBAMAR,RE+COLONIAL,1809,IZ,56.7,dormitorios
ALBAMAR,RE+COLONIAL,1808,HY,63.72,dormitorios
ALBAMAR,RE+COLONIAL,1804,DSU,62.89,dormitorios
ALBAMAR,RE+COLONIAL,1801,A,64.48,dormitorios
ALBAMAR,RE+COLONIAL,1709,IZ,56.7,dormitorios
ALBAMAR,RE+COLONIAL,1708,HY,63.72,dormitorios
ALBAMAR,RE+COLONIAL,1707,GX,63.15,dormitorios
ALBAMAR,RE+COLONIAL,1704,DSU,62.89,dormitorios
ALBAMAR,RE+COLONIAL,1702,B,64.13,dormitorios
ALBAMAR,RE+COLONIAL,1609,IZ,56.7,dormitorios
ALBAMAR,RE+COLONIAL,1608,HY,63.72,dormitorios
ALBAMAR,RE+COLONIAL,1602,B,64.13,dormitorios
ALBAMAR,RE+COLONIAL,1601,A,64.48,dormitorios
ALBAMAR,RE+COLONIAL,1508,HY,63.72,dormitorios
ALBAMAR,RE+COLONIAL,1504,DSU,62.89,dormitorios
ALBAMAR,RE+COLONIAL,1501,A,64.48,dormitorios
ALBAMAR,RE+COLONIAL,1408,HY,63.72,dormitorios
ALBAMAR,RE+COLONIAL,1407,GX,63.15,dormitorios
ALBAMAR,RE+COLONIAL,1402,B,64.13,dormitorios
ALBAMAR,RE+COLONIAL,1401,A,64.48,dormitorios
ALBAMAR,RE+COLONIAL,1307,GX,63.15,dormitorios
ALBAMAR,RE+COLONIAL,1301,A,64.48,dormitorios
ALBAMAR,RE+COLONIAL,1208,HY,63.72,dormitorios
ALBAMAR,RE+COLONIAL,1202,B,64.13,dormitorios
ALBAMAR,RE+COLONIAL,1108,HY,66.49,dormitorios
ALBAMAR,RE+COLONIAL,1107,GX,65.43,dormitorios
ALBAMAR,RE+COLONIAL,1104,DSU,65.96,dormitorios
ALBAMAR,RE+COLONIAL,1102,B,64.13,dormitorios
ALBAMAR,RE+COLONIAL,1101,A,64.48,dormitorios
ALBAMAR,RE+COLONIAL,1010,JAA,48.81,dormitorios
ALBAMAR,RE+COLONIAL,1009,IZ,58.62,dormitorios
ALBAMAR,RE+COLONIAL,1008,HY,65.44,dormitorios
ALBAMAR,RE+COLONIAL,1007,GX,66.49,dormitorios
ALBAMAR,RE+COLONIAL,1004,DSU,65.93,dormitorios
ALBAMAR,RE+COLONIAL,1001,A,64.48,dormitorios
ALBAMAR,RE+COLONIAL,910,JAA,48.81,dormitorios
ALBAMAR,RE+COLONIAL,909,IZ,58.62,dormitorios
ALBAMAR,RE+COLONIAL,908,HY,66.49,dormitorios
ALBAMAR,RE+COLONIAL,907,GX,65.44,dormitorios
ALBAMAR,RE+COLONIAL,904,DSU,65.93,dormitorios
ALBAMAR,RE+COLONIAL,810,JAA,48.81,dormitorios
ALBAMAR,RE+COLONIAL,808,HY,66.49,dormitorios
ALBAMAR,RE+COLONIAL,807,GX,65.44,dormitorios
ALBAMAR,RE+COLONIAL,802,B,64.13,dormitorios
ALBAMAR,RE+COLONIAL,801,A,64.48,dormitorios
ALBAMAR,RE+COLONIAL,711,KAB,50.46,dormitorios
ALBAMAR,RE+COLONIAL,710,JAA,48.81,dormitorios
ALBAMAR,RE+COLONIAL,709,IZ,58.62,dormitorios
ALBAMAR,RE+COLONIAL,708,HY,66.49,dormitorios
IMAGINA,ALTO ALBORADA 2,204,DPTO C204 AL C2304,64.45,vista
ALBAMAR,RE+COLONIAL,707,GX,65.44,dormitorios
ALBAMAR,RE+COLONIAL,702,B,64.13,dormitorios
ALBAMAR,RE+COLONIAL,611,KAB,50.46,dormitorios
IMAGINA,ALTO ALBORADA 2,210,DPTO C210 AL C2310,66.34,vista
IMAGINA,ALTO ALBORADA 2,304,DPTO C204 AL C2304,64.45,vista
ALBAMAR,RE+COLONIAL,609,IZ,58.62,dormitorios
ALBAMAR,RE+COLONIAL,602,B,64.13,dormitorios
ALBAMAR,RE+COLONIAL,601,A,64.48,dormitorios
IMAGINA,ALTO ALBORADA 2,405,DPTO C205 AL C2305,64.25,vista
IMAGINA,ALTO ALBORADA 2,408,DPTO C208 AL C2308,64.49,vista
ALBAMAR,RE+COLONIAL,511,KAB,50.46,dormitorios
ALBAMAR,RE+COLONIAL,509,IZ,58.62,dormitorios
ALBAMAR,RE+COLONIAL,501,A,64.48,dormitorios
ALBAMAR,RE+COLONIAL,411,KAB,50.46,dormitorios
IMAGINA,ALTO ALBORADA 2,410,DPTO C210 AL C2310,66.34,vista
IMAGINA,ALTO ALBORADA 2,505,DPTO C205 AL C2305,64.25,vista
ALBAMAR,RE+COLONIAL,410,JAA,48.81,dormitorios
ALBAMAR,RE+COLONIAL,409,IZ,58.62,dormitorios
ALBAMAR,RE+COLONIAL,311,KAB,50.46,dormitorios
ALBAMAR,RE+COLONIAL,310,JAA,48.81,dormitorios
ALBAMAR,RE+COLONIAL,309,IZ,58.62,dormitorios
ALBAMAR,RE+COLONIAL,305,EV,47.53,dormitorios
ALBAMAR,RE+COLONIAL,207,IZ,58.62,dormitorios
ALBAMAR,RE+COLONIAL,203,EV,47.53,dormitorios
ALBAMAR,RE+COLONIAL,202,DSU,65.93,dormitorios
URBANA,S14,1102,,66.2,vista
IMAGINA,ALTO ALBORADA 2,601,DPTO C201 AL C2301,64.51,vista
IMAGINA,ALTO ALBORADA 2,606,DPTO C206 AL C2306,73.18,dormitorios; vista
IMAGINA,ALTO ALBORADA 2,608,DPTO C208 AL C2308,64.49,vista
URBANA,S14,703,,66.33,vista
URBANA,S14,1908,,69.41,vista
IMAGINA,ALTO ALBORADA 2,610,DPTO C210 AL C2310,66.34,vista
IMAGINA,ALTO ALBORADA 2,706,DPTO C206 AL C2306,73.18,dormitorios; vista
IMAGINA,ALTO ALBORADA 2,710,DPTO C210 AL C2310,66.34,vista
IMAGINA,ALTO ALBORADA 2,804,DPTO C204 AL C2304,64.45,vista
IMAGINA,ALTO ALBORADA 2,808,DPTO C208 AL C2308,64.49,vista
IMAGINA,ALTO ALBORADA 2,810,DPTO C210 AL C2310,66.34,vista
URBANA,S14,1101,,66.55,vista
IMAGINA,ALTO ALBORADA 2,908,DPTO C208 AL C2308,64.49,vista
IMAGINA,ALTO ALBORADA 2,1003,DPTO C203 AL C2303,66.22,vista
IMAGINA,ALTO ALBORADA 2,1008,DPTO C208 AL C2308,64.49,vista
IMAGINA,ALTO ALBORADA 2,1102,DPTO C202 AL C2302,64.11,vista
IMAGINA,ALTO ALBORADA 2,1106,DPTO C206 AL C2306,73.18,dormitorios; vista
IMAGINA,ALTO ALBORADA 2,1110,DPTO C210 AL C2310,66.34,vista
IMAGINA,ALTO ALBORADA 2,1203,DPTO C203 AL C2303,66.22,vista
IMAGINA,ALTO ALBORADA 2,1205,DPTO C205 AL C2305,64.25,vista
IMAGINA,ALTO ALBORADA 2,1209,DPTO C209 AL C2309,66.22,vista
IMAGINA,ALTO ALBORADA 2,1301,DPTO C201 AL C2301,64.51,vista
IMAGINA,ALTO ALBORADA 2,1303,DPTO C203 AL C2303,66.22,vista
IMAGINA,ALTO ALBORADA 2,1305,DPTO C205 AL C2305,64.25,vista
IMAGINA,ALTO ALBORADA 2,1307,DPTO C207 AL C2307,73.18,dormitorios; vista
IMAGINA,ALTO ALBORADA 2,1308,DPTO C208 AL C2308,64.49,vista
IMAGINA,ALTO ALBORADA 2,1309,DPTO C209 AL C2309,66.22,vista
IMAGINA,ALTO ALBORADA 2,1310,DPTO C210 AL C2310,66.34,vista
IMAGINA,ALTO ALBORADA 2,1403,DPTO C203 AL C2303,66.22,vista
IMAGINA,ALTO ALBORADA 2,1408,DPTO C208 AL C2308,64.49,vista
IMAGINA,ALTO ALBORADA 2,1502,DPTO C202 AL C2302,64.11,vista
IMAGINA,ALTO ALBORADA 2,1508,DPTO C208 AL C2308,64.49,vista
IMAGINA,ALTO ALBORADA 2,1510,DPTO C210 AL C2310,66.34,vista
IMAGINA,ALTO ALBORADA 2,1603,DPTO C203 AL C2303,66.22,vista
IMAGINA,ALTO ALBORADA 2,1702,DPTO C202 AL C2302,64.11,vista
IMAGINA,ALTO ALBORADA 2,1707,DPTO C207 AL C2307,73.18,dormitorios; vista
IMAGINA,ALTO ALBORADA 2,1801,DPTO C201 AL C2301,64.51,vista
IMAGINA,ALTO ALBORADA 2,1805,DPTO C205 AL C2305,64.25,vista
IMAGINA,ALTO ALBORADA 2,1809,DPTO C209 AL C2309,66.22,vista
IMAGINA,ALTO ALBORADA 2,1907,DPTO C207 AL C2307,73.18,dormitorios; vista
IMAGINA,ALTO ALBORADA 2,1909,DPTO C209 AL C2309,66.22,vista
IMAGINA,ALTO ALBORADA 2,2009,DPTO C209 AL C2309,66.22,vista
IMAGINA,ALTO ALBORADA 2,2104,DPTO C204 AL C2304,64.45,vista
IMAGINA,ALTO ALBORADA 2,2201,DPTO C201 AL C2301,64.51,vista
IMAGINA,ALTO ALBORADA 2,2207,DPTO C207 AL C2307,73.18,dormitorios; vista
IMAGINA,ALTO ALBORADA 2,2210,DPTO C210 AL C2310,66.34,vista
IMAGINA,ALTO ALBORADA 2,2305,DPTO C205 AL C2305,64.25,vista
IMAGINA,ALTO ALBORADA 1,305,DPTO A205 AL A2005,72.63,dormitorios
IMAGINA,ALTO LIMA PARK,603,DPTO A203 AL A2003,72.42,dormitorios; vista
IMAGINA,ALTO LIMA PARK,902,DPTO A202 AL A2002,72.17,dormitorios; vista
IMAGINA,ALTO LIMA PARK,1602,DPTO A202 AL A2002,72.17,dormitorios; vista
IMAGINA,ALTO LIMA PARK,1808,DPTO A208 AL A2008,72.82,dormitorios; vista
URBANA,S14,1008,,69.41,vista
ALBAMAR,FLEX,2807,O,50.11,dormitorios
ALBAMAR,FLEX,2706,M,66.82,dormitorios
ALBAMAR,FLEX,2811,T,63.98,dormitorios
ALBAMAR,FLEX,2810,S,66.57,dormitorios
ALBAMAR,FLEX,2808,Q,54.02,dormitorios
ALBAMAR,FLEX,2208,Q,54.02,dormitorios
ALBAMAR,FLEX,2806,M,66.82,dormitorios
ALBAMAR,FLEX,2711,T,63.98,dormitorios
ALBAMAR,FLEX,2710,S,66.57,dormitorios
ALBAMAR,FLEX,2708,Q,54.02,dormitorios
ALBAMAR,FLEX,2707,O,50.11,dormitorios
ALBAMAR,FLEX,2207,O,50.11,dormitorios
ALBAMAR,FLEX,2611,T,63.98,dormitorios
ALBAMAR,FLEX,2610,S,66.57,dormitorios
ALBAMAR,FLEX,2606,M,66.82,dormitorios
ALBAMAR,FLEX,2511,T,63.98,dormitorios
ALBAMAR,FLEX,2510,S,66.57,dormitorios
ALBAMAR,FLEX,2508,Q,54.02,dormitorios
ALBAMAR,FLEX,2507,O,50.11,dormitorios
ALBAMAR,FLEX,2506,M,66.82,dormitorios
ALBAMAR,FLEX,2411,T,63.98,dormitorios
ALBAMAR,FLEX,2410,S,66.57,dormitorios
ALBAMAR,FLEX,2408,Q,54.02,dormitorios
ALBAMAR,FLEX,2407,O,50.11,dormitorios
ALBAMAR,FLEX,2406,M,66.82,dormitorios
ALBAMAR,FLEX,2311,T,63.98,dormitorios
ALBAMAR,FLEX,2310,S,66.57,dormitorios
ALBAMAR,FLEX,2307,O,50.11,dormitorios
ALBAMAR,FLEX,2306,M,66.82,dormitorios
ALBAMAR,FLEX,2305,K,60.21,dormitorios
ALBAMAR,FLEX,2304,I,59.55,dormitorios
ALBAMAR,FLEX,2303,G,60.11,dormitorios
ALBAMAR,FLEX,2302,C,65.61,dormitorios
ALBAMAR,FLEX,2211,T,63.98,dormitorios
ALBAMAR,FLEX,2210,S,66.57,dormitorios
IMAGINA,ALTO BELLAVISTA 1,306,DPTO B206 AL B1806,72.64,dormitorios; vista
IMAGINA,ALTO METRO PARK,2102,AX02,72.17,dormitorios
IMAGINA,ALTO METRO PARK,2003,AX03,72.41,dormitorios
IMAGINA,ALTO METRO PARK,2002,AX02,72.17,dormitorios
IMAGINA,ALTO METRO PARK,1903,AX03,72.41,dormitorios
IMAGINA,ALTO METRO PARK,1803,AX03,72.41,dormitorios
IMAGINA,ALTO METRO PARK,1802,AX02,72.17,dormitorios
IMAGINA,ALTO METRO PARK,1703,AX03,72.41,dormitorios
IMAGINA,ALTO METRO PARK,1702,AX02,72.17,dormitorios
IMAGINA,ALTO METRO PARK,1603,AX03,72.41,dormitorios
IMAGINA,ALTO METRO PARK,1602,AX02,72.17,dormitorios
IMAGINA,ALTO METRO PARK,1503,AX03,72.41,dormitorios
IMAGINA,ALTO METRO PARK,1502,AX02,72.17,dormitorios
IMAGINA,ALTO METRO PARK,1403,AX03,72.41,dormitorios
IMAGINA,ALTO METRO PARK,1402,AX02,72.17,dormitorios
IMAGINA,ALTO METRO PARK,1303,AX03,72.41,dormitorios
IMAGINA,ALTO METRO PARK,1302,AX02,72.17,dormitorios
IMAGINA,ALTO METRO PARK,1203,AX03,72.41,dormitorios
IMAGINA,ALTO METRO PARK,1202,AX02,72.17,dormitorios
IMAGINA,ALTO METRO PARK,1102,AX02,72.17,dormitorios
IMAGINA,ALTO METRO PARK,1003,AX03,72.41,dormitorios
IMAGINA,ALTO METRO PARK,902,AX02,72.17,dormitorios
IMAGINA,ALTO METRO PARK,603,AX03,72.41,dormitorios
IMAGINA,ALTO METRO PARK,503,AX03,72.41,dormitorios
IMAGINA,ALTO METRO PARK,502,AX02,72.17,dormitorios
IMAGINA,ALTO METRO PARK,403,AX03,72.41,dormitorios
IMAGINA,ALTO METRO PARK,402,AX02,72.17,dormitorios
IMAGINA,ALTO METRO PARK,303,AX03,72.41,dormitorios
IMAGINA,ALTO METRO PARK,203,AX03,72.41,dormitorios
IMAGINA,ALTO METRO PARK,2103,BX03,72.34,dormitorios
IMAGINA,ALTO METRO PARK,2102,BX02,72.17,dormitorios
IMAGINA,ALTO METRO PARK,2003,BX03,72.34,dormitorios
IMAGINA,ALTO METRO PARK,2002,BX02,72.17,dormitorios
IMAGINA,ALTO METRO PARK,1903,BX03,72.34,dormitorios
IMAGINA,ALTO METRO PARK,1902,BX02,72.17,dormitorios
IMAGINA,ALTO METRO PARK,1803,BX03,72.34,dormitorios
IMAGINA,ALTO METRO PARK,1802,BX02,72.17,dormitorios
IMAGINA,ALTO METRO PARK,1703,BX03,72.34,dormitorios
IMAGINA,ALTO METRO PARK,1702,BX02,72.17,dormitorios
IMAGINA,ALTO METRO PARK,1603,BX03,72.34,dormitorios
IMAGINA,ALTO METRO PARK,1602,BX02,72.17,dormitorios
IMAGINA,ALTO METRO PARK,1503,BX03,72.34,dormitorios
IMAGINA,ALTO METRO PARK,1502,BX02,72.17,dormitorios
IMAGINA,ALTO METRO PARK,1403,BX03,72.34,dormitorios
IMAGINA,ALTO METRO PARK,1402,BX02,72.17,dormitorios
IMAGINA,ALTO METRO PARK,1303,BX03,72.34,dormitorios
IMAGINA,ALTO METRO PARK,1302,BX02,72.17,dormitorios
IMAGINA,ALTO METRO PARK,1203,BX03,72.34,dormitorios
IMAGINA,ALTO METRO PARK,1202,BX02,72.17,dormitorios
IMAGINA,ALTO METRO PARK,1103,BX03,72.34,dormitorios
IMAGINA,ALTO METRO PARK,1102,BX02,72.17,dormitorios
IMAGINA,ALTO METRO PARK,903,BX03,72.34,dormitorios
IMAGINA,ALTO METRO PARK,902,BX02,72.17,dormitorios
IMAGINA,ALTO METRO PARK,803,BX03,72.34,dormitorios
IMAGINA,ALTO METRO PARK,703,BX03,72.34,dormitorios
IMAGINA,ALTO METRO PARK,702,BX02,72.17,dormitorios
IMAGINA,ALTO METRO PARK,603,BX03,72.34,dormitorios
IMAGINA,ALTO METRO PARK,602,BX02,72.17,dormitorios
IMAGINA,ALTO METRO PARK,403,BX03,72.34,dormitorios
IMAGINA,ALTO METRO PARK,402,BX02,72.17,dormitorios
IMAGINA,ALTO METRO PARK,303,BX03,72.34,dormitorios
IMAGINA,ALTO METRO PARK,302,BX02,72.17,dormitorios
IMAGINA,ALTO BELLAVISTA 1,302,DPTO A202 AL A1802,72.45,dormitorios; vista
IMAGINA,ALTO BELLAVISTA 1,206,DPTO B206 AL B1806,72.64,dormitorios; vista
IMAGINA,ALTO BELLAVISTA 1,202,DPTO A202 AL A1802,72.45,dormitorios; vista
IMAGINA,ALTO BELLAVISTA 2,1402,DPTO CX02,66.36,vista
IMAGINA,ALTO BELLAVISTA 2,1301,DPTO CX01,72.83,dormitorios; vista
IMAGINA,ALTO BELLAVISTA 2,1202,DPTO CX02,66.36,vista
IMAGINA,ALTO BELLAVISTA 2,902,DPTO CX02,66.36,vista
IMAGINA,ALTO BELLAVISTA 2,901,DPTO CX01,72.83,dormitorios; vista
IMAGINA,ALTO BELLAVISTA 2,806,DPTO CX06,72.64,dormitorios; vista
IMAGINA,ALTO BELLAVISTA 2,802,DPTO CX02,66.36,vista
IMAGINA,ALTO BELLAVISTA 2,708,DPTO CX08,64.26,vista
IMAGINA,ALTO BELLAVISTA 2,707,DPTO CX07,72.45,dormitorios; vista
IMAGINA,ALTO BELLAVISTA 2,706,DPTO CX06,72.64,dormitorios; vista
IMAGINA,ALTO BELLAVISTA 2,702,DPTO DX02,66.36,vista
IMAGINA,ALTO BELLAVISTA 2,702,DPTO CX02,66.36,vista
IMAGINA,ALTO BELLAVISTA 2,701,DPTO DX01,72.83,dormitorios; vista
IMAGINA,ALTO BELLAVISTA 2,608,DPTO DX08,64.26,vista
IMAGINA,ALTO BELLAVISTA 2,607,DPTO CX07,72.45,dormitorios; vista
IMAGINA,ALTO BELLAVISTA 2,604,DPTO CX04,64.19,vista
IMAGINA,ALTO BELLAVISTA 2,602,DPTO DX02,66.36,vista
IMAGINA,ALTO BELLAVISTA 2,601,DPTO DX01,72.83,dormitorios; vista
IMAGINA,ALTO BELLAVISTA 2,601,DPTO CX01,72.83,dormitorios; vista
IMAGINA,ALTO BELLAVISTA 2,508,DPTO DX08,64.26,vista
IMAGINA,ALTO BELLAVISTA 2,508,DPTO CX08,64.26,vista
IMAGINA,ALTO BELLAVISTA 2,507,DPTO CX07,72.45,dormitorios; vista
IMAGINA,ALTO BELLAVISTA 2,506,DPTO CX06,72.64,dormitorios; vista
IMAGINA,ALTO BELLAVISTA 2,505,DPTO CX05,64.12,vista
IMAGINA,ALTO BELLAVISTA 2,502,DPTO DX02,66.36,vista
IMAGINA,ALTO BELLAVISTA 2,502,DPTO CX02,66.36,vista
IMAGINA,ALTO BELLAVISTA 2,501,DPTO DX01,72.83,dormitorios; vista
IMAGINA,ALTO BELLAVISTA 2,501,DPTO CX01,72.83,dormitorios; vista
IMAGINA,ALTO BELLAVISTA 2,408,DPTO DX08,64.26,vista
IMAGINA,ALTO BELLAVISTA 2,406,DPTO CX06,72.64,dormitorios; vista
IMAGINA,ALTO BELLAVISTA 2,405,DPTO DX05,64.12,vista
IMAGINA,ALTO BELLAVISTA 2,405,DPTO CX05,64.12,vista
IMAGINA,ALTO BELLAVISTA 2,404,DPTO DX04,64.19,vista
IMAGINA,ALTO BELLAVISTA 2,404,DPTO CX04,64.19,vista
IMAGINA,ALTO BELLAVISTA 2,403,DPTO DX03,63.97,vista
IMAGINA,ALTO BELLAVISTA 2,403,DPTO CX03,63.97,vista
IMAGINA,ALTO BELLAVISTA 2,402,DPTO DX02,66.36,vista
IMAGINA,ALTO BELLAVISTA 2,402,DPTO CX02,66.36,vista
IMAGINA,ALTO BELLAVISTA 2,308,DPTO DX08,64.26,vista
IMAGINA,ALTO BELLAVISTA 2,308,DPTO CX08,64.26,vista
IMAGINA,ALTO BELLAVISTA 2,307,DPTO DX07,72.45,dormitorios; vista
IMAGINA,ALTO BELLAVISTA 2,307,DPTO CX07,72.45,dormitorios; vista
IMAGINA,ALTO BELLAVISTA 2,306,DPTO CX06,72.64,dormitorios; vista
IMAGINA,ALTO BELLAVISTA 2,305,DPTO DX05,64.12,vista
IMAGINA,ALTO BELLAVISTA 2,305,DPTO CX05,64.12,vista
IMAGINA,ALTO BELLAVISTA 2,304,DPTO CX04,64.19,vista
IMAGINA,ALTO BELLAVISTA 2,303,DPTO DX03,63.97,vista
IMAGINA,ALTO BELLAVISTA 2,302,DPTO DX02,66.36,vista
IMAGINA,ALTO BELLAVISTA 2,302,DPTO CX02,66.36,vista
IMAGINA,ALTO BELLAVISTA 2,301,DPTO DX01,72.83,dormitorios; vista
IMAGINA,ALTO BELLAVISTA 2,301,DPTO CX01,72.83,dormitorios; vista
IMAGINA,ALTO BELLAVISTA 2,208,DPTO CX08,64.26,vista
IMAGINA,ALTO BELLAVISTA 2,207,DPTO CX07,72.45,dormitorios; vista
IMAGINA,ALTO BELLAVISTA 2,206,DPTO DX06,72.64,dormitorios; vista
IMAGINA,ALTO BELLAVISTA 2,206,DPTO CX06,72.64,dormitorios; vista
IMAGINA,ALTO BELLAVISTA 2,205,DPTO CX05,64.12,vista
IMAGINA,ALTO BELLAVISTA 2,204,DPTO DX04,64.19,vista
IMAGINA,ALTO BELLAVISTA 2,204,DPTO CX04,64.19,vista
IMAGINA,ALTO BELLAVISTA 2,203,DPTO CX03,63.97,vista
IMAGINA,ALTO BELLAVISTA 2,202,DPTO DX02,66.36,vista
IMAGINA,ALTO BELLAVISTA 2,202,DPTO CX02,66.36,vista
ALBAMAR,QUADRA,2007,A,56.07,dormitorios
ALBAMAR,QUADRA,1907,A,56.07,dormitorios
ALBAMAR,QUADRA,1608,I,67.4,dormitorios
ALBAMAR,QUADRA,1607,A,56.07,dormitorios
ALBAMAR,QUADRA,1508,I,67.4,dormitorios
ALBAMAR,QUADRA,1507,A,56.07,dormitorios
ALBAMAR,QUADRA,1408,I,67.4,dormitorios
ALBAMAR,QUADRA,1407,A,56.07,dormitorios
ALBAMAR,QUADRA,1308,I,67.4,dormitorios
ALBAMAR,QUADRA,1307,A,56.07,dormitorios
ALBAMAR,QUADRA,1208,I,67.4,dormitorios
ALBAMAR,QUADRA,1207,A,56.07,dormitorios
ALBAMAR,QUADRA,1108,I,67.4,dormitorios
ALBAMAR,QUADRA,1107,A,56.07,dormitorios
ALBAMAR,QUADRA,1007,A,56.07,dormitorios
ALBAMAR,QUADRA,908,I,67.4,dormitorios
ALBAMAR,QUADRA,907,A,56.07,dormitorios
ALBAMAR,QUADRA,808,I,67.4,dormitorios
ALBAMAR,QUADRA,807,A,56.07,dormitorios
ALBAMAR,QUADRA,708,I,67.4,dormitorios
ALBAMAR,QUADRA,707,A,56.07,dormitorios
ALBAMAR,QUADRA,608,I,67.4,dormitorios
ALBAMAR,QUADRA,607,A,56.07,dormitorios
ALBAMAR,QUADRA,508,I,67.4,dormitorios
ALBAMAR,QUADRA,507,A,56.07,dormitorios
ALBAMAR,QUADRA,408,I,67.4,dormitorios
ALBAMAR,QUADRA,307,A,56.07,dormitorios
ALBAMAR,QUADRA,207,A,56.07,dormitorios
ALBAMAR,GRAN CORNEJO,2108,H,52.71,dormitorios
ALBAMAR,GRAN CORNEJO,2104,D,52.61,dormitorios
ALBAMAR,GRAN CORNEJO,2008,H,52.71,dormitorios
ALBAMAR,GRAN CORNEJO,2004,D,52.61,dormitorios
ALBAMAR,GRAN CORNEJO,1908,H,52.71,dormitorios
ALBAMAR,GRAN CORNEJO,1904,D,52.61,dormitorios
ALBAMAR,GRAN CORNEJO,1808,H,52.71,dormitorios
ALBAMAR,GRAN CORNEJO,1708,H,52.71,dormitorios
ALBAMAR,GRAN CORNEJO,1704,D,52.61,dormitorios
ALBAMAR,GRAN CORNEJO,1608,H,52.71,dormitorios
ALBAMAR,GRAN CORNEJO,1604,D,52.61,dormitorios
ALBAMAR,GRAN CORNEJO,1508,H,52.71,dormitorios
ALBAMAR,GRAN CORNEJO,1507,G,2026-12-29 00:00:00,area
ALBAMAR,GRAN CORNEJO,1407,G,2026-12-29 00:00:00,area
ALBAMAR,GRAN CORNEJO,1504,D,52.61,dormitorios
ALBAMAR,GRAN CORNEJO,1408,H,52.71,dormitorios
ALBAMAR,GRAN CORNEJO,1404,D,52.61,dormitorios
ALBAMAR,GRAN CORNEJO,1308,H,52.71,dormitorios
ALBAMAR,GRAN CORNEJO,1307,G,2026-12-29 00:00:00,area
ALBAMAR,GRAN CORNEJO,1304,D,52.61,dormitorios
ALBAMAR,GRAN CORNEJO,1208,H,52.71,dormitorios
ALBAMAR,GRAN CORNEJO,1207,G,2026-12-29 00:00:00,area
ALBAMAR,GRAN CORNEJO,1204,D,52.61,dormitorios
ALBAMAR,GRAN CORNEJO,1108,H,52.71,dormitorios
ALBAMAR,GRAN CORNEJO,1107,G,2026-12-29 00:00:00,area
ALBAMAR,GRAN CORNEJO,1104,D,52.61,dormitorios
ALBAMAR,GRAN CORNEJO,1008,H,52.71,dormitorios
ALBAMAR,GRAN CORNEJO,1004,D,52.61,dormitorios
ALBAMAR,GRAN CORNEJO,907,G,2026-12-29 00:00:00,area
ALBAMAR,GRAN CORNEJO,904,D,52.61,dormitorios
ALBAMAR,GRAN CORNEJO,808,H,52.71,dormitorios
ALBAMAR,GRAN CORNEJO,807,G,2026-12-29 00:00:00,area
ALBAMAR,GRAN CORNEJO,804,D,52.61,dormitorios
ALBAMAR,GRAN CORNEJO,708,H,52.71,dormitorios
ALBAMAR,GRAN CORNEJO,707,G,2026-12-29 00:00:00,area
ALBAMAR,GRAN CORNEJO,704,D,52.61,dormitorios
ALBAMAR,GRAN CORNEJO,608,H,52.71,dormitorios
ALBAMAR,GRAN CORNEJO,607,G,2026-12-29 00:00:00,area
ALBAMAR,GRAN CORNEJO,604,D,52.61,dormitorios
ALBAMAR,GRAN CORNEJO,508,H,52.71,dormitorios
ALBAMAR,GRAN CORNEJO,507,G,2026-12-29 00:00:00,area
ALBAMAR,GRAN CORNEJO,504,D,52.61,dormitorios
ALBAMAR,GRAN CORNEJO,408,H,52.71,dormitorios
ALBAMAR,GRAN CORNEJO,404,D,52.61,dormitorios
ALBAMAR,GRAN CORNEJO,308,H,52.71,dormitorios
ALBAMAR,GRAN CORNEJO,304,D,52.61,dormitorios
ALBAMAR,GRAN CORNEJO,208,H,64.36,dormitorios
FRANCA,PRESTON,1903,3,59.36,entrega
FRANCA,PRESTON,1803,3,59.36,entrega
FRANCA,PRESTON,1703,3,59.36,entrega
FRANCA,PRESTON,1702,2,56.14,entrega
FRANCA,PRESTON,1604,4,40.2,entrega
FRANCA,PRESTON,1603,3,60.93,entrega
FRANCA,PRESTON,1602,2,56.14,entrega
FRANCA,PRESTON,1404,4,40.2,entrega
FRANCA,PRESTON,1304,4,40.2,entrega
FRANCA,PRESTON,1106,6,30.53,entrega
FRANCA,PRESTON,1105,5,39.39,entrega
FRANCA,PRESTON,1104,4,40.2,entrega
FRANCA,PRESTON,1102,2,56.14,entrega
FRANCA,PRESTON,1005,5,39.39,entrega
FRANCA,PRESTON,1004,4,40.2,entrega
FRANCA,PRESTON,1002,2,56.14,entrega
FRANCA,PRESTON,903,3,60.93,entrega
FRANCA,PRESTON,902,2,56.14,entrega
GDC,CASA BARRANCO 195,704,TIPO 4 (X03),56.07,vista
GDC,CASA BARRANCO 195,803,TIPO 3 (X03),55.42,vista
GDC,CASA BARRANCO 195,504,TIPO 4 (X02),54.89,vista
GDC,CASA BARRANCO 195,304,TIPO 4 (X02),54.89,vista
GDC,CASA BARRANCO 195,204,TIPO 4 (X01),55.41,vista
GDC,CASA BARRANCO 695,802,TIPO 6,89.25,vista
GRUPO T&C,ASPIRIA,1301,TIPO 1_301 AL 1301,59.12,dormitorios
GRUPO T&C,CATALINO,110,PENDIENTE,70,dormitorios
FRANCA,PRESTON,702,2,56.14,entrega
GRUPO T&C,MINIMAL,3004,"TIPO5 (203, 305-2905 IMPARES, 404-3004 PARES)",75.74,banco
GRUPO T&C,MINIMAL,3003,TIPO4 (1003-3003_SOLO PISOS PARES),58.76,banco
GRUPO T&C,MINIMAL,3002,TIPO14 (402-3002_SOLO PISOS PARES),45.33,banco
GRUPO T&C,MINIMAL,3001,TIPO1 (301-3001),52.79,banco
ALBAMAR,RE+COLONIAL,910,JAA,48.81,dormitorios
GRUPO T&C,MINIMAL,2913,"TIPO13 (211, 313-2913 IMPARES, 412-3012 PARES)",29.31,banco
GRUPO T&C,MINIMAL,2911,"TIPO11 (209, 311-2911 IMPARES, 410-3010 PARES)",24.14,banco
ALBAMAR,RE+COLONIAL,810,JAA,48.81,dormitorios
GRUPO T&C,MINIMAL,2909,"TIPO9 (207, 309-2909 IMPARES, 408-3008 PARES)",41.45,banco
GRUPO T&C,MINIMAL,2906,"TIPO6 (204, 306-2906 IMPARES, 405-3005 PARES)",26.57,banco
GRUPO T&C,MINIMAL,2905,"TIPO5 (203, 305-2905 IMPARES, 404-3004 PARES)",75.74,banco
GRUPO T&C,MINIMAL,2904,"TIPO4 (304-2904_SOLO PISOS IMPARES, 403,603,803)",58.76,banco
GRUPO T&C,MINIMAL,2901,TIPO1 (301-3001),52.79,banco
GRUPO T&C,MINIMAL,2812,"TIPO13 (211, 313-2913 IMPARES, 412-3012 PARES)",29.31,banco
GRUPO T&C,MINIMAL,2810,"TIPO11 (209, 311-2911 IMPARES, 410-3010 PARES)",24.14,banco
GRUPO T&C,MINIMAL,2809,"TIPO10 (208, 310-2910 IMPARES, 409-3009 PARES)",27.57,banco
ALBAMAR,FLEX,2104,I,59.55,dormitorios
ALBAMAR,RE+COLONIAL,710,JAA,48.81,dormitorios
ALBAMAR,RE+COLONIAL,410,JAA,48.81,dormitorios
GRUPO T&C,MINIMAL,2808,"TIPO9 (207, 309-2909 IMPARES, 408-3008 PARES)",41.45,banco
GRUPO T&C,MINIMAL,2807,"TIPO8 (206, 308-2908 IMPARES, 407-3007 PARES)",41.29,banco
ALBAMAR,FLEX,305,K,60.21,dormitorios
ALBAMAR,FLEX,205,K,60.21,dormitorios
GRUPO T&C,MINIMAL,2806,"TIPO7 (205, 307-2907 IMPARES, 406-3006 PARES",26.47,banco
ALBAMAR,FLEX,2804,I,59.55,dormitorios
GRUPO T&C,MINIMAL,2805,"TIPO6 (204, 306-2906 IMPARES, 405-3005 PARES)",26.57,banco
ALBAMAR,RE+COLONIAL,310,JAA,48.81,dormitorios
ALBAMAR,FLEX,2604,I,59.55,dormitorios
GRUPO T&C,MINIMAL,2804,"TIPO5 (203, 305-2905 IMPARES, 404-3004 PARES)",75.74,banco
GRUPO T&C,MINIMAL,2803,TIPO4 (1003-3003_SOLO PISOS PARES),58.76,banco
ALBAMAR,FLEX,2304,I,59.55,dormitorios
GRUPO T&C,MINIMAL,2801,TIPO1 (301-3001),52.79,banco
GRUPO T&C,MINIMAL,2713,"TIPO13 (211, 313-2913 IMPARES, 412-3012 PARES)",29.31,banco
GRUPO T&C,MINIMAL,2712,"TIPO12 (210, 312-2912 IMPARES, 411-3011 PARES)",23.97,banco
GRUPO T&C,MINIMAL,2711,"TIPO11 (209, 311-2911 IMPARES, 410-3010 PARES)",24.14,banco
ALBAMAR,RE+COLONIAL,1809,IZ,56.7,dormitorios
ALBAMAR,FLEX,2703,G,60.11,dormitorios
GRUPO T&C,MINIMAL,2710,"TIPO10 (208, 310-2910 IMPARES, 409-3009 PARES)",27.57,banco
GRUPO T&C,MINIMAL,2709,"TIPO9 (207, 309-2909 IMPARES, 408-3008 PARES)",41.45,banco
GRUPO T&C,MINIMAL,2708,"TIPO8 (206, 308-2908 IMPARES, 407-3007 PARES)",41.29,banco
GRUPO T&C,MINIMAL,2706,"TIPO6 (204, 306-2906 IMPARES, 405-3005 PARES)",26.57,banco
ALBAMAR,RE+COLONIAL,1709,IZ,56.7,dormitorios
GRUPO T&C,MINIMAL,2705,"TIPO5 (203, 305-2905 IMPARES, 404-3004 PARES)",75.74,banco
GRUPO T&C,MINIMAL,2704,"TIPO4 (304-2904_SOLO PISOS IMPARES, 403,603,803)",58.76,banco
GRUPO T&C,MINIMAL,2701,TIPO1 (301-3001),52.79,banco
GRUPO T&C,MINIMAL,2612,"TIPO13 (211, 313-2913 IMPARES, 412-3012 PARES)",29.31,banco
ALBAMAR,RE+COLONIAL,1609,IZ,56.7,dormitorios
GRUPO T&C,MINIMAL,2611,"TIPO12 (210, 312-2912 IMPARES, 411-3011 PARES)",23.97,banco
GRUPO T&C,MINIMAL,2610,"TIPO11 (209, 311-2911 IMPARES, 410-3010 PARES)",24.14,banco
GRUPO T&C,MINIMAL,2609,"TIPO10 (208, 310-2910 IMPARES, 409-3009 PARES)",27.57,banco
GRUPO T&C,MINIMAL,2608,"TIPO9 (207, 309-2909 IMPARES, 408-3008 PARES)",41.45,banco
ALBAMAR,RE+COLONIAL,1109,IZ,58.62,dormitorios
GRUPO T&C,MINIMAL,2607,"TIPO8 (206, 308-2908 IMPARES, 407-3007 PARES)",41.29,banco
GRUPO T&C,MINIMAL,2606,"TIPO7 (205, 307-2907 IMPARES, 406-3006 PARES",26.47,banco
GRUPO T&C,MINIMAL,2605,"TIPO6 (204, 306-2906 IMPARES, 405-3005 PARES)",26.57,banco
GRUPO T&C,MINIMAL,2604,"TIPO5 (203, 305-2905 IMPARES, 404-3004 PARES)",75.74,banco
ALBAMAR,RE+COLONIAL,1009,IZ,58.62,dormitorios
GRUPO T&C,MINIMAL,2602,TIPO14 (402-3002_SOLO PISOS PARES),45.33,banco
GRUPO T&C,MINIMAL,2601,TIPO1 (301-3001),52.79,banco
GRUPO T&C,MINIMAL,2513,"TIPO13 (211, 313-2913 IMPARES, 412-3012 PARES)",29.31,banco
GRUPO T&C,MINIMAL,2510,"TIPO10 (208, 310-2910 IMPARES, 409-3009 PARES)",27.57,banco
ALBAMAR,RE+COLONIAL,909,IZ,58.62,dormitorios
GRUPO T&C,MINIMAL,2509,"TIPO9 (207, 309-2909 IMPARES, 408-3008 PARES)",41.45,banco
GRUPO T&C,MINIMAL,2508,"TIPO8 (206, 308-2908 IMPARES, 407-3007 PARES)",41.29,banco
GRUPO T&C,MINIMAL,2506,"TIPO6 (204, 306-2906 IMPARES, 405-3005 PARES)",26.57,banco
GRUPO T&C,MINIMAL,2505,"TIPO5 (203, 305-2905 IMPARES, 404-3004 PARES)",75.74,banco
ALBAMAR,RE+COLONIAL,709,IZ,58.62,dormitorios
ALBAMAR,FLEX,2704,I,59.55,dormitorios
GRUPO T&C,MINIMAL,2504,"TIPO4 (304-2904_SOLO PISOS IMPARES, 403,603,803)",58.76,banco
GRUPO T&C,MINIMAL,2501,TIPO1 (301-3001),52.79,banco
GRUPO T&C,MINIMAL,2412,"TIPO13 (211, 313-2913 IMPARES, 412-3012 PARES)",29.31,banco
GRUPO T&C,MINIMAL,2411,"TIPO12 (210, 312-2912 IMPARES, 411-3011 PARES)",23.97,banco
ALBAMAR,RE+COLONIAL,609,IZ,58.62,dormitorios
GRUPO T&C,MINIMAL,2410,"TIPO11 (209, 311-2911 IMPARES, 410-3010 PARES)",24.14,banco
GRUPO T&C,MINIMAL,2409,"TIPO10 (208, 310-2910 IMPARES, 409-3009 PARES)",27.57,banco
GRUPO T&C,MINIMAL,2408,"TIPO9 (207, 309-2909 IMPARES, 408-3008 PARES)",41.45,banco
GRUPO T&C,MINIMAL,2406,"TIPO7 (205, 307-2907 IMPARES, 406-3006 PARES",26.47,banco
ALBAMAR,RE+COLONIAL,509,IZ,58.62,dormitorios
GRUPO T&C,MINIMAL,2405,"TIPO6 (204, 306-2906 IMPARES, 405-3005 PARES)",26.57,banco
GRUPO T&C,MINIMAL,2404,"TIPO5 (203, 305-2905 IMPARES, 404-3004 PARES)",75.74,banco
GRUPO T&C,MINIMAL,2401,TIPO1 (301-3001),52.79,banco
GRUPO T&C,MINIMAL,2313,"TIPO13 (211, 313-2913 IMPARES, 412-3012 PARES)",29.31,banco
ALBAMAR,RE+COLONIAL,409,IZ,58.62,dormitorios
GRUPO T&C,MINIMAL,2312,"TIPO12 (210, 312-2912 IMPARES, 411-3011 PARES)",23.97,banco
GRUPO T&C,MINIMAL,2311,"TIPO11 (209, 311-2911 IMPARES, 410-3010 PARES)",24.14,banco
GRUPO T&C,MINIMAL,2310,"TIPO10 (208, 310-2910 IMPARES, 409-3009 PARES)",27.57,banco
GRUPO T&C,MINIMAL,2309,"TIPO9 (207, 309-2909 IMPARES, 408-3008 PARES)",41.45,banco
ALBAMAR,RE+COLONIAL,309,IZ,58.62,dormitorios
ALBAMAR,FLEX,2504,I,59.55,dormitorios
GRUPO T&C,MINIMAL,2308,"TIPO8 (206, 308-2908 IMPARES, 407-3007 PARES)",41.29,banco
GRUPO T&C,MINIMAL,2307,"TIPO7 (205, 307-2907 IMPARES, 406-3006 PARES",26.47,banco
GRUPO T&C,MINIMAL,2306,"TIPO6 (204, 306-2906 IMPARES, 405-3005 PARES)",26.57,banco
GRUPO T&C,MINIMAL,2305,"TIPO5 (203, 305-2905 IMPARES, 404-3004 PARES)",75.74,banco
ALBAMAR,RE+COLONIAL,207,IZ,58.62,dormitorios
GRUPO T&C,MINIMAL,2304,"TIPO4 (304-2904_SOLO PISOS IMPARES, 403,603,803)",58.76,banco
GRUPO T&C,MINIMAL,2301,TIPO1 (301-3001),52.79,banco
GRUPO T&C,MINIMAL,2212,"TIPO13 (211, 313-2913 IMPARES, 412-3012 PARES)",29.31,banco
GRUPO T&C,MINIMAL,2211,"TIPO12 (210, 312-2912 IMPARES, 411-3011 PARES)",23.97,banco
ALBAMAR,RE+COLONIAL,2208,HY,63.72,dormitorios
GRUPO T&C,MINIMAL,2210,"TIPO11 (209, 311-2911 IMPARES, 410-3010 PARES)",24.14,banco
GRUPO T&C,MINIMAL,2209,"TIPO10 (208, 310-2910 IMPARES, 409-3009 PARES)",27.57,banco
GRUPO T&C,MINIMAL,2207,"TIPO8 (206, 308-2908 IMPARES, 407-3007 PARES)",41.29,banco
GRUPO T&C,MINIMAL,2206,"TIPO7 (205, 307-2907 IMPARES, 406-3006 PARES",26.47,banco
GRUPO T&C,MINIMAL,2205,"TIPO6 (204, 306-2906 IMPARES, 405-3005 PARES)",26.57,banco
GRUPO T&C,MINIMAL,2204,"TIPO5 (203, 305-2905 IMPARES, 404-3004 PARES)",75.74,banco
GRUPO T&C,MINIMAL,2203,TIPO4 (1003-3003_SOLO PISOS PARES),58.76,banco
GRUPO T&C,MINIMAL,2201,TIPO1 (301-3001),52.79,banco
ALBAMAR,RE+COLONIAL,2108,HY,63.72,dormitorios
ALBAMAR,RE+COLONIAL,2008,HY,63.72,dormitorios
ALBAMAR,FLEX,2404,I,59.55,dormitorios
GRUPO T&C,MINIMAL,2113,"TIPO13 (211, 313-2913 IMPARES, 412-3012 PARES)",29.31,banco
GRUPO T&C,MINIMAL,2112,"TIPO12 (210, 312-2912 IMPARES, 411-3011 PARES)",23.97,banco
GRUPO T&C,MINIMAL,2111,"TIPO11 (209, 311-2911 IMPARES, 410-3010 PARES)",24.14,banco
GRUPO T&C,MINIMAL,2110,"TIPO10 (208, 310-2910 IMPARES, 409-3009 PARES)",27.57,banco
ALBAMAR,RE+COLONIAL,1808,HY,63.72,dormitorios
GRUPO T&C,MINIMAL,2109,"TIPO9 (207, 309-2909 IMPARES, 408-3008 PARES)",41.45,banco
GRUPO T&C,MINIMAL,2108,"TIPO8 (206, 308-2908 IMPARES, 407-3007 PARES)",41.29,banco
GRUPO T&C,MINIMAL,2107,"TIPO7 (205, 307-2907 IMPARES, 406-3006 PARES",26.47,banco
GRUPO T&C,MINIMAL,2106,"TIPO6 (204, 306-2906 IMPARES, 405-3005 PARES)",26.57,banco
ALBAMAR,RE+COLONIAL,1708,HY,63.72,dormitorios
ALBAMAR,FLEX,2004,I,59.55,dormitorios
GRUPO T&C,MINIMAL,2105,"TIPO5 (203, 305-2905 IMPARES, 404-3004 PARES)",75.74,banco
GRUPO T&C,MINIMAL,2104,"TIPO4 (304-2904_SOLO PISOS IMPARES, 403,603,803)",58.76,banco
GRUPO T&C,MINIMAL,2101,TIPO1 (301-3001),52.79,banco
GRUPO T&C,MINIMAL,2012,"TIPO13 (211, 313-2913 IMPARES, 412-3012 PARES)",29.31,banco
ALBAMAR,RE+COLONIAL,1608,HY,63.72,dormitorios
GRUPO T&C,MINIMAL,2011,"TIPO12 (210, 312-2912 IMPARES, 411-3011 PARES)",23.97,banco
GRUPO T&C,MINIMAL,2010,"TIPO11 (209, 311-2911 IMPARES, 410-3010 PARES)",24.14,banco
GRUPO T&C,MINIMAL,2009,"TIPO10 (208, 310-2910 IMPARES, 409-3009 PARES)",27.57,banco
GRUPO T&C,MINIMAL,2008,"TIPO9 (207, 309-2909 IMPARES, 408-3008 PARES)",41.45,banco
ALBAMAR,RE+COLONIAL,1508,HY,63.72,dormitorios
ALBAMAR,FLEX,1904,I,59.55,dormitorios
GRUPO T&C,MINIMAL,2007,"TIPO8 (206, 308-2908 IMPARES, 407-3007 PARES)",41.29,banco
GRUPO T&C,MINIMAL,2006,"TIPO7 (205, 307-2907 IMPARES, 406-3006 PARES",26.47,banco
GRUPO T&C,MINIMAL,2005,"TIPO6 (204, 306-2906 IMPARES, 405-3005 PARES)",26.57,banco
GRUPO T&C,MINIMAL,2004,"TIPO5 (203, 305-2905 IMPARES, 404-3004 PARES)",75.74,banco
ALBAMAR,RE+COLONIAL,1408,HY,63.72,dormitorios
GRUPO T&C,MINIMAL,2003,TIPO4 (1003-3003_SOLO PISOS PARES),58.76,banco
GRUPO T&C,MINIMAL,2001,TIPO1 (301-3001),52.79,banco
GRUPO T&C,MINIMAL,1913,"TIPO13 (211, 313-2913 IMPARES, 412-3012 PARES)",29.31,banco
GRUPO T&C,MINIMAL,1912,"TIPO12 (210, 312-2912 IMPARES, 411-3011 PARES)",23.97,banco
ALBAMAR,RE+COLONIAL,1208,HY,63.72,dormitorios
GRUPO T&C,MINIMAL,1911,"TIPO11 (209, 311-2911 IMPARES, 410-3010 PARES)",24.14,banco
GRUPO T&C,MINIMAL,1910,"TIPO10 (208, 310-2910 IMPARES, 409-3009 PARES)",27.57,banco
GRUPO T&C,MINIMAL,1909,"TIPO9 (207, 309-2909 IMPARES, 408-3008 PARES)",41.45,banco
GRUPO T&C,MINIMAL,1908,"TIPO8 (206, 308-2908 IMPARES, 407-3007 PARES)",41.29,banco
ALBAMAR,RE+COLONIAL,1108,HY,66.49,dormitorios
GRUPO T&C,MINIMAL,1907,"TIPO7 (205, 307-2907 IMPARES, 406-3006 PARES",26.47,banco
GRUPO T&C,MINIMAL,1906,"TIPO6 (204, 306-2906 IMPARES, 405-3005 PARES)",26.57,banco
GRUPO T&C,MINIMAL,1905,"TIPO5 (203, 305-2905 IMPARES, 404-3004 PARES)",75.74,banco
GRUPO T&C,MINIMAL,1904,"TIPO4 (304-2904_SOLO PISOS IMPARES, 403,603,803)",58.76,banco
ALBAMAR,RE+COLONIAL,1008,HY,65.44,dormitorios
ALBAMAR,FLEX,1804,I,59.55,dormitorios
ALBAMAR,FLEX,1704,I,59.55,dormitorios
GRUPO T&C,MINIMAL,1901,TIPO1 (301-3001),52.79,banco
GRUPO T&C,MINIMAL,1812,"TIPO13 (211, 313-2913 IMPARES, 412-3012 PARES)",29.31,banco
GRUPO T&C,MINIMAL,1811,"TIPO12 (210, 312-2912 IMPARES, 411-3011 PARES)",23.97,banco
GRUPO T&C,MINIMAL,1810,"TIPO11 (209, 311-2911 IMPARES, 410-3010 PARES)",24.14,banco
ALBAMAR,RE+COLONIAL,908,HY,66.49,dormitorios
GRUPO T&C,MINIMAL,1809,"TIPO10 (208, 310-2910 IMPARES, 409-3009 PARES)",27.57,banco
GRUPO T&C,MINIMAL,1808,"TIPO9 (207, 309-2909 IMPARES, 408-3008 PARES)",41.45,banco
GRUPO T&C,MINIMAL,1807,"TIPO8 (206, 308-2908 IMPARES, 407-3007 PARES)",41.29,banco
GRUPO T&C,MINIMAL,1806,"TIPO7 (205, 307-2907 IMPARES, 406-3006 PARES",26.47,banco
ALBAMAR,RE+COLONIAL,808,HY,66.49,dormitorios
ALBAMAR,FLEX,1504,I,59.55,dormitorios
GRUPO T&C,MINIMAL,1805,"TIPO6 (204, 306-2906 IMPARES, 405-3005 PARES)",26.57,banco
GRUPO T&C,MINIMAL,1804,"TIPO5 (203, 305-2905 IMPARES, 404-3004 PARES)",75.74,banco
GRUPO T&C,MINIMAL,1803,TIPO4 (1003-3003_SOLO PISOS PARES),58.76,banco
GRUPO T&C,MINIMAL,1801,TIPO1 (301-3001),52.79,banco
ALBAMAR,RE+COLONIAL,708,HY,66.49,dormitorios
GRUPO T&C,MINIMAL,1713,"TIPO13 (211, 313-2913 IMPARES, 412-3012 PARES)",29.31,banco
GRUPO T&C,MINIMAL,1712,"TIPO12 (210, 312-2912 IMPARES, 411-3011 PARES)",23.97,banco
GRUPO T&C,MINIMAL,1711,"TIPO11 (209, 311-2911 IMPARES, 410-3010 PARES)",24.14,banco
GRUPO T&C,MINIMAL,1710,"TIPO10 (208, 310-2910 IMPARES, 409-3009 PARES)",27.57,banco
ALBAMAR,RE+COLONIAL,2307,GX,65.43,dormitorios
ALBAMAR,FLEX,1304,I,59.55,dormitorios
GRUPO T&C,MINIMAL,1709,"TIPO9 (207, 309-2909 IMPARES, 408-3008 PARES)",41.45,banco
GRUPO T&C,MINIMAL,1708,"TIPO8 (206, 308-2908 IMPARES, 407-3007 PARES)",41.29,banco
GRUPO T&C,MINIMAL,1707,"TIPO7 (205, 307-2907 IMPARES, 406-3006 PARES",26.47,banco
GRUPO T&C,MINIMAL,1706,"TIPO6 (204, 306-2906 IMPARES, 405-3005 PARES)",26.57,banco
ALBAMAR,RE+COLONIAL,2207,GX,61.35,dormitorios
GRUPO T&C,MINIMAL,1705,"TIPO5 (203, 305-2905 IMPARES, 404-3004 PARES)",75.74,banco
GRUPO T&C,MINIMAL,1704,"TIPO4 (304-2904_SOLO PISOS IMPARES, 403,603,803)",58.76,banco
GRUPO T&C,MINIMAL,1701,TIPO1 (301-3001),52.79,banco
GRUPO T&C,MINIMAL,1612,"TIPO13 (211, 313-2913 IMPARES, 412-3012 PARES)",29.31,banco
ALBAMAR,RE+COLONIAL,2107,GX,63.15,dormitorios
GRUPO T&C,MINIMAL,1611,"TIPO12 (210, 312-2912 IMPARES, 411-3011 PARES)",23.97,banco
GRUPO T&C,MINIMAL,1610,"TIPO11 (209, 311-2911 IMPARES, 410-3010 PARES)",24.14,banco
GRUPO T&C,MINIMAL,1609,"TIPO10 (208, 310-2910 IMPARES, 409-3009 PARES)",27.57,banco
GRUPO T&C,MINIMAL,1607,"TIPO8 (206, 308-2908 IMPARES, 407-3007 PARES)",41.29,banco
GRUPO T&C,MINIMAL,1605,"TIPO6 (204, 306-2906 IMPARES, 405-3005 PARES)",26.57,banco
GRUPO T&C,MINIMAL,1604,"TIPO5 (203, 305-2905 IMPARES, 404-3004 PARES)",75.74,banco
GRUPO T&C,MINIMAL,1603,TIPO4 (1003-3003_SOLO PISOS PARES),58.76,banco
GRUPO T&C,MINIMAL,1601,TIPO1 (301-3001),52.79,banco
ALBAMAR,RE+COLONIAL,2007,GX,63.15,dormitorios
ALBAMAR,RE+COLONIAL,1907,GX,63.15,dormitorios
ALBAMAR,FLEX,1104,I,59.55,dormitorios
ALBAMAR,FLEX,904,I,59.55,dormitorios
GRUPO T&C,MINIMAL,1512,"TIPO12 (210, 312-2912 IMPARES, 411-3011 PARES)",23.97,banco
GRUPO T&C,MINIMAL,1511,"TIPO11 (209, 311-2911 IMPARES, 410-3010 PARES)",24.14,banco
GRUPO T&C,MINIMAL,1510,"TIPO10 (208, 310-2910 IMPARES, 409-3009 PARES)",27.57,banco
GRUPO T&C,MINIMAL,1506,"TIPO6 (204, 306-2906 IMPARES, 405-3005 PARES)",26.57,banco
ALBAMAR,RE+COLONIAL,1707,GX,63.15,dormitorios
GRUPO T&C,MINIMAL,1505,"TIPO5 (203, 305-2905 IMPARES, 404-3004 PARES)",75.74,banco
GRUPO T&C,MINIMAL,1412,"TIPO13 (211, 313-2913 IMPARES, 412-3012 PARES)",29.31,banco
GRUPO T&C,MINIMAL,1411,"TIPO12 (210, 312-2912 IMPARES, 411-3011 PARES)",23.97,banco
GRUPO T&C,MINIMAL,1410,"TIPO11 (209, 311-2911 IMPARES, 410-3010 PARES)",24.14,banco
ALBAMAR,RE+COLONIAL,1607,GX,63.15,dormitorios
ALBAMAR,FLEX,804,I,59.55,dormitorios
GRUPO T&C,MINIMAL,1409,"TIPO10 (208, 310-2910 IMPARES, 409-3009 PARES)",27.57,banco
GRUPO T&C,MINIMAL,1407,"TIPO8 (206, 308-2908 IMPARES, 407-3007 PARES)",41.29,banco
GRUPO T&C,MINIMAL,1405,"TIPO6 (204, 306-2906 IMPARES, 405-3005 PARES)",26.57,banco
GRUPO T&C,MINIMAL,1404,"TIPO5 (203, 305-2905 IMPARES, 404-3004 PARES)",75.74,banco
ALBAMAR,RE+COLONIAL,1407,GX,63.15,dormitorios
GRUPO T&C,MINIMAL,1401,TIPO1 (301-3001),52.79,banco
GRUPO T&C,MINIMAL,1313,"TIPO13 (211, 313-2913 IMPARES, 412-3012 PARES)",29.31,banco
GRUPO T&C,MINIMAL,1312,"TIPO12 (210, 312-2912 IMPARES, 411-3011 PARES)",23.97,banco
GRUPO T&C,MINIMAL,1311,"TIPO11 (209, 311-2911 IMPARES, 410-3010 PARES)",24.14,banco
ALBAMAR,RE+COLONIAL,1307,GX,63.15,dormitorios
ALBAMAR,FLEX,704,I,59.55,dormitorios
GRUPO T&C,MINIMAL,1310,"TIPO10 (208, 310-2910 IMPARES, 409-3009 PARES)",27.57,banco
GRUPO T&C,MINIMAL,1309,"TIPO9 (207, 309-2909 IMPARES, 408-3008 PARES)",41.45,banco
GRUPO T&C,MINIMAL,1306,"TIPO6 (204, 306-2906 IMPARES, 405-3005 PARES)",26.57,banco
GRUPO T&C,MINIMAL,1305,"TIPO5 (203, 305-2905 IMPARES, 404-3004 PARES)",75.74,banco
ALBAMAR,RE+COLONIAL,1107,GX,65.43,dormitorios
GRUPO T&C,MINIMAL,1301,TIPO1 (301-3001),52.79,banco
GRUPO T&C,MINIMAL,1212,"TIPO13 (211, 313-2913 IMPARES, 412-3012 PARES)",29.31,banco
GRUPO T&C,MINIMAL,1211,"TIPO12 (210, 312-2912 IMPARES, 411-3011 PARES)",23.97,banco
GRUPO T&C,MINIMAL,1210,"TIPO11 (209, 311-2911 IMPARES, 410-3010 PARES)",24.14,banco
ALBAMAR,RE+COLONIAL,1007,GX,66.49,dormitorios
GRUPO T&C,MINIMAL,1209,"TIPO10 (208, 310-2910 IMPARES, 409-3009 PARES)",27.57,banco
GRUPO T&C,MINIMAL,1206,"TIPO7 (205, 307-2907 IMPARES, 406-3006 PARES",26.47,banco
GRUPO T&C,MINIMAL,1205,"TIPO6 (204, 306-2906 IMPARES, 405-3005 PARES)",26.57,banco
GRUPO T&C,MINIMAL,1113,"TIPO13 (211, 313-2913 IMPARES, 412-3012 PARES)",29.31,banco
ALBAMAR,RE+COLONIAL,907,GX,65.44,dormitorios
GRUPO T&C,MINIMAL,1112,"TIPO12 (210, 312-2912 IMPARES, 411-3011 PARES)",23.97,banco
GRUPO T&C,MINIMAL,1111,"TIPO11 (209, 311-2911 IMPARES, 410-3010 PARES)",24.14,banco
GRUPO T&C,MINIMAL,1110,"TIPO10 (208, 310-2910 IMPARES, 409-3009 PARES)",27.57,banco
GRUPO T&C,MINIMAL,1109,"TIPO9 (207, 309-2909 IMPARES, 408-3008 PARES)",41.45,banco
ALBAMAR,RE+COLONIAL,807,GX,65.44,dormitorios
ALBAMAR,FLEX,504,I,59.55,dormitorios
ALBAMAR,FLEX,404,I,59.55,dormitorios
GRUPO T&C,MINIMAL,1107,"TIPO7 (205, 307-2907 IMPARES, 406-3006 PARES",26.47,banco
GRUPO T&C,MINIMAL,1012,"TIPO13 (211, 313-2913 IMPARES, 412-3012 PARES)",29.31,banco
GRUPO T&C,MINIMAL,1011,"TIPO12 (210, 312-2912 IMPARES, 411-3011 PARES)",23.97,banco
GRUPO T&C,MINIMAL,1010,"TIPO11 (209, 311-2911 IMPARES, 410-3010 PARES)",24.14,banco
ALBAMAR,RE+COLONIAL,707,GX,65.44,dormitorios
GRUPO T&C,MINIMAL,1008,"TIPO9 (207, 309-2909 IMPARES, 408-3008 PARES)",41.45,banco
GRUPO T&C,MINIMAL,913,"TIPO13 (211, 313-2913 IMPARES, 412-3012 PARES)",29.31,banco
GRUPO T&C,MINIMAL,912,"TIPO12 (210, 312-2912 IMPARES, 411-3011 PARES)",23.97,banco
GRUPO T&C,MINIMAL,911,"TIPO11 (209, 311-2911 IMPARES, 410-3010 PARES)",24.14,banco
GRUPO T&C,MINIMAL,812,"TIPO13 (211, 313-2913 IMPARES, 412-3012 PARES)",29.31,banco
GRUPO T&C,MINIMAL,810,"TIPO11 (209, 311-2911 IMPARES, 410-3010 PARES)",24.14,banco
GRUPO T&C,MINIMAL,806,"TIPO7 (205, 307-2907 IMPARES, 406-3006 PARES",26.47,banco
GRUPO T&C,MINIMAL,713,"TIPO13 (211, 313-2913 IMPARES, 412-3012 PARES)",29.31,banco
GRUPO T&C,MINIMAL,711,"TIPO11 (209, 311-2911 IMPARES, 410-3010 PARES)",24.14,banco
GRUPO T&C,MINIMAL,710,"TIPO10 (208, 310-2910 IMPARES, 409-3009 PARES)",27.57,banco
GRUPO T&C,MINIMAL,707,"TIPO7 (205, 307-2907 IMPARES, 406-3006 PARES",26.47,banco
GRUPO T&C,MINIMAL,610,"TIPO11 (209, 311-2911 IMPARES, 410-3010 PARES)",24.14,banco
GRUPO T&C,MINIMAL,609,"TIPO10 (208, 310-2910 IMPARES, 409-3009 PARES)",27.57,banco
GRUPO T&C,MINIMAL,606,"TIPO7 (205, 307-2907 IMPARES, 406-3006 PARES",26.47,banco
GRUPO T&C,MINIMAL,513,"TIPO13 (211, 313-2913 IMPARES, 412-3012 PARES)",29.31,banco
GRUPO T&C,MINIMAL,511,"TIPO11 (209, 311-2911 IMPARES, 410-3010 PARES)",24.14,banco
GRUPO T&C,MINIMAL,510,"TIPO10 (208, 310-2910 IMPARES, 409-3009 PARES)",27.57,banco
GRUPO T&C,MINIMAL,507,"TIPO7 (205, 307-2907 IMPARES, 406-3006 PARES",26.47,banco
GRUPO T&C,MINIMAL,505,"TIPO5 (203, 305-2905 IMPARES, 404-3004 PARES)",75.74,banco
GRUPO T&C,MINIMAL,411,"TIPO12 (210, 312-2912 IMPARES, 411-3011 PARES)",23.97,banco
GRUPO T&C,MINIMAL,410,"TIPO11 (209, 311-2911 IMPARES, 410-3010 PARES)",24.14,banco
GRUPO T&C,MINIMAL,409,"TIPO10 (208, 310-2910 IMPARES, 409-3009 PARES)",27.57,banco
GRUPO T&C,MINIMAL,408,"TIPO9 (207, 309-2909 IMPARES, 408-3008 PARES)",41.45,banco
GRUPO T&C,MINIMAL,407,"TIPO8 (206, 308-2908 IMPARES, 407-3007 PARES)",41.29,banco
GRUPO T&C,MINIMAL,406,"TIPO7 (205, 307-2907 IMPARES, 406-3006 PARES",26.47,banco
GRUPO T&C,MINIMAL,404,"TIPO5 (203, 305-2905 IMPARES, 404-3004 PARES)",75.74,banco
GRUPO T&C,MINIMAL,313,"TIPO13 (211, 313-2913 IMPARES, 412-3012 PARES)",29.31,banco
GRUPO T&C,MINIMAL,312,"TIPO12 (210, 312-2912 IMPARES, 411-3011 PARES)",23.97,banco
ALBAMAR,FLEX,304,I,59.55,dormitorios
ALBAMAR,FLEX,204,I,59.55,dormitorios
ALBAMAR,FLEX,2803,G,60.11,dormitorios
GRUPO T&C,MINIMAL,311,"TIPO11 (209, 311-2911 IMPARES, 410-3010 PARES)",24.14,banco
GRUPO T&C,MINIMAL,310,"TIPO10 (208, 310-2910 IMPARES, 409-3009 PARES)",27.57,banco
GRUPO T&C,MINIMAL,308,"TIPO8 (206, 308-2908 IMPARES, 407-3007 PARES)",41.29,banco
GRUPO T&C,MINIMAL,307,"TIPO7 (205, 307-2907 IMPARES, 406-3006 PARES",26.47,banco
GRUPO T&C,MINIMAL,305,"TIPO5 (203, 305-2905 IMPARES, 404-3004 PARES)",75.74,banco
GRUPO T&C,MINIMAL,211,"TIPO13 (211, 313-2913 IMPARES, 412-3012 PARES)",29.31,banco
GRUPO T&C,MINIMAL,210,"TIPO12 (210, 312-2912 IMPARES, 411-3011 PARES)",23.97,banco
GRUPO T&C,MINIMAL,209,"TIPO11 (209, 311-2911 IMPARES, 410-3010 PARES)",24.14,banco
ALBAMAR,FLEX,2603,G,60.11,dormitorios
GRUPO T&C,MINIMAL,208,"TIPO10 (208, 310-2910 IMPARES, 409-3009 PARES)",27.57,banco
GRUPO T&C,MINIMAL,207,"TIPO9 (207, 309-2909 IMPARES, 408-3008 PARES)",41.45,banco
GRUPO T&C,MINIMAL,206,"TIPO8 (206, 308-2908 IMPARES, 407-3007 PARES)",41.29,banco
GRUPO T&C,MINIMAL,205,"TIPO7 (205, 307-2907 IMPARES, 406-3006 PARES",26.47,banco
GRUPO T&C,MINIMAL,203,"TIPO5 (203, 305-2905 IMPARES, 404-3004 PARES)",75.4,banco
ALBAMAR,RE+COLONIAL,2305,EV,44.94,dormitorios
ALBAMAR,FLEX,2503,G,60.11,dormitorios
ALBAMAR,RE+COLONIAL,305,EV,47.53,dormitorios
ALBAMAR,RE+COLONIAL,203,EV,47.53,dormitorios
ALBAMAR,RE+COLONIAL,2204,DSU,62.89,dormitorios
ALBAMAR,RE+COLONIAL,2104,DSU,62.89,dormitorios
ALBAMAR,FLEX,2403,G,60.11,dormitorios
ALBAMAR,FLEX,2303,G,60.11,dormitorios
ALBAMAR,RE+COLONIAL,1904,DSU,62.89,dormitorios
ALBAMAR,RE+COLONIAL,1804,DSU,62.89,dormitorios
ALBAMAR,FLEX,2203,G,60.11,dormitorios
ALBAMAR,RE+COLONIAL,1704,DSU,62.89,dormitorios
ALBAMAR,RE+COLONIAL,1504,DSU,62.89,dormitorios
ALBAMAR,FLEX,2103,G,60.11,dormitorios
ALBAMAR,RE+COLONIAL,1104,DSU,65.96,dormitorios
ALBAMAR,RE+COLONIAL,1004,DSU,65.93,dormitorios
ALBAMAR,RE+COLONIAL,904,DSU,65.93,dormitorios
ALBAMAR,RE+COLONIAL,604,DSU,65.93,dormitorios
ALBAMAR,FLEX,2003,G,60.11,dormitorios
ALBAMAR,FLEX,1903,G,60.11,dormitorios
ALBAMAR,RE+COLONIAL,202,DSU,65.93,dormitorios
ALBAMAR,FLEX,1803,G,60.11,dormitorios
ALBAMAR,FLEX,1703,G,60.11,dormitorios
ALBAMAR,FLEX,1503,G,60.11,dormitorios
ALBAMAR,FLEX,1603,G,60.11,dormitorios
ALBAMAR,RE+COLONIAL,1702,B,64.13,dormitorios
ALBAMAR,FLEX,1403,G,60.11,dormitorios
ALBAMAR,RE+COLONIAL,1602,B,64.13,dormitorios
ALBAMAR,RE+COLONIAL,1402,B,64.13,dormitorios
GRUPO LAR,QANTUA,503,E-503,41.88,dormitorios; precio; vista
GRUPO LAR,QANTUA,509,E-509,41.36,dormitorios; precio; vista
ALBAMAR,FLEX,1303,G,60.11,dormitorios
GRUPO LAR,QANTUA,2,E-SS02,82.92,dormitorios; precio; vista
GRUPO LAR,QANTUA,403,E-403,41.88,dormitorios; precio; vista
GRUPO LAR,QANTUA,1,E-SS01,102.86,dormitorios; precio; vista
ALBAMAR,FLEX,1203,G,60.11,dormitorios
GRUPO LAR,QANTUA,1,F-SS01,100.96,dormitorios; precio; vista
ALBAMAR,RE+COLONIAL,1202,B,64.13,dormitorios
GRUPO LAR,QANTUA,508,D-508,40.89,dormitorios; precio; vista
GRUPO LAR,QANTUA,101,E-101,41.39,dormitorios; precio; vista
GRUPO LAR,QANTUA,103,E-103,41.88,dormitorios; precio; vista
GRUPO LAR,QANTUA,203,E-203,41.88,dormitorios; precio; vista
GRUPO LAR,QANTUA,103,F-103,60.71,dormitorios; precio; vista
ALBAMAR,FLEX,1103,G,60.11,dormitorios
ALBAMAR,RE+COLONIAL,1102,B,64.13,dormitorios
ALBAMAR,RE+COLONIAL,802,B,64.13,dormitorios
ALBAMAR,FLEX,1003,G,60.11,dormitorios
ALBAMAR,RE+COLONIAL,702,B,64.13,dormitorios
ALBAMAR,RE+COLONIAL,602,B,64.13,dormitorios
GRUPO LAR,QANTUA,312,G-312,40.29,dormitorios; precio; vista
ALBAMAR,RE+COLONIAL,2301,A,64.48,dormitorios
ALBAMAR,FLEX,903,G,60.11,dormitorios
ALBAMAR,RE+COLONIAL,1801,A,64.48,dormitorios
ALBAMAR,RE+COLONIAL,1601,A,64.48,dormitorios
GRUPO LAR,QANTUA,308,G-308,53.67,dormitorios; precio; vista
ALBAMAR,FLEX,603,G,60.11,dormitorios
ALBAMAR,RE+COLONIAL,1501,A,64.48,dormitorios
ALBAMAR,RE+COLONIAL,1401,A,64.48,dormitorios
ALBAMAR,FLEX,703,G,60.11,dormitorios
ALBAMAR,RE+COLONIAL,1301,A,64.48,dormitorios
ALBAMAR,FLEX,503,G,60.11,dormitorios
ALBAMAR,RE+COLONIAL,1101,A,64.48,dormitorios
ALBAMAR,RE+COLONIAL,1001,A,64.48,dormitorios
ALBAMAR,RE+COLONIAL,801,A,64.48,dormitorios
ALBAMAR,FLEX,403,G,60.11,dormitorios
ALBAMAR,RE+COLONIAL,601,A,64.48,dormitorios
GRUPO LAR,QANTUA,307,G-307,52.65,dormitorios; precio; vista
ALBAMAR,FLEX,303,G,60.11,dormitorios
ALBAMAR,FLEX,203,G,60.11,dormitorios
ALBAMAR,RE+COLONIAL,501,A,64.48,dormitorios
ALBAMAR,FLEX,2802,C,65.61,dormitorios
GRUPO LAR,QANTUA,416,G-416,53.35,dormitorios; precio; vista
GRUPO LAR,QANTUA,417,G-417,40.03,dormitorios; precio; vista
GRUPO LAR,QANTUA,508,G-508,52.65,dormitorios; precio; vista
GRUPO LAR,QANTUA,511,G-511,40.32,dormitorios; precio; vista
GRUPO LAR,QANTUA,414,G-414,40.29,dormitorios; precio; vista
GRUPO LAR,QANTUA,516,G-516,53.35,dormitorios; precio; vista
ALBAMAR,FLEX,2702,C,65.61,dormitorios
GRUPO LAR,QANTUA,607,G-607,40.32,dormitorios; precio; vista
GRUPO LAR,QANTUA,101,H-101,41.02,dormitorios; precio; vista
GRUPO LAR,QANTUA,105,H-105,61.43,dormitorios; precio; vista
GRUPO LAR,QANTUA,201,H-201,41.02,dormitorios; precio; vista
GRUPO LAR,QANTUA,202,H-202,41.06,dormitorios; precio; vista
GRUPO LAR,QANTUA,205,H-205,60.89,dormitorios; precio; vista
GRUPO LAR,QANTUA,303,H-303,41.34,dormitorios; precio; vista
GRUPO LAR,QANTUA,603,G-603,53.35,dormitorios; precio; vista
GRUPO LAR,QANTUA,310,H-310,43.79,dormitorios; precio; vista
GRUPO LAR,QANTUA,401,H-401,41.03,dormitorios; precio; vista
GRUPO LAR,QANTUA,506,H-506,57.98,dormitorios; precio; vista
GRUPO LAR,QANTUA,503,H-503,41.34,dormitorios; precio; vista
ALBAMAR,FLEX,2502,C,65.61,dormitorios
GRUPO LAR,QANTUA,601,H-601,41.03,dormitorios; precio; vista
GRUPO LAR,QANTUA,602,H-602,41.06,dormitorios; precio; vista
GRUPO LAR,QANTUA,603,H-603,41.34,dormitorios; precio; vista
GRUPO LAR,QANTUA,408,G-408,52.65,dormitorios; precio; vista
GRUPO LAR,QANTUA,601,G-601,40.03,dormitorios; precio; vista
GRUPO LAR,QANTUA,403,H-403,41.34,dormitorios; precio; vista
GRUPO LAR,QANTUA,606,H-606,57.98,dormitorios; precio; vista
GRUPO LAR,QANTUA,103,I-103,40.28,dormitorios; precio; vista
ALBAMAR,FLEX,2602,C,65.61,dormitorios
GRUPO LAR,QANTUA,112,I-112,62.09,dormitorios; precio; vista
GRUPO LAR,QANTUA,203,I-203,40.28,dormitorios; precio; vista
GRUPO LAR,QANTUA,207,I-207,51.87,dormitorios; precio; vista
GRUPO LAR,QANTUA,208,I-208,52.37,dormitorios; precio; vista
GRUPO LAR,QANTUA,209,I-209,52.31,dormitorios; precio; vista
GRUPO LAR,QANTUA,213,I-213,62.66,dormitorios; precio; vista
GRUPO LAR,QANTUA,304,I-304,40.18,dormitorios; precio; vista
GRUPO LAR,QANTUA,109,I-109,52.31,dormitorios; precio; vista
GRUPO LAR,QANTUA,310,I-310,52.31,dormitorios; precio; vista
GRUPO LAR,QANTUA,403,I-403,40.28,dormitorios; precio; vista
GRUPO LAR,QANTUA,411,I-411,70.65,dormitorios; precio; vista
GRUPO LAR,QANTUA,507,I-507,51.87,dormitorios; precio; vista
GRUPO LAR,QANTUA,509,I-509,52.31,dormitorios; precio; vista
GRUPO LAR,QANTUA,510,I-510,52.31,dormitorios; precio; vista
GRUPO LAR,QANTUA,603,I-603,40.28,dormitorios; precio; vista
GRUPO LAR,QANTUA,607,I-607,51.87,dormitorios; precio; vista
GRUPO LAR,QANTUA,108,I-108,52.37,dormitorios; precio; vista
GRUPO LAR,QANTUA,404,I-404,40.18,dormitorios; precio; vista
GRUPO LAR,QANTUA,609,I-609,52.31,dormitorios; precio; vista
ALBAMAR,FLEX,2402,C,65.61,dormitorios
GRUPO LAR,QANTUA,6,I-SS106,73.14,dormitorios; precio; vista
GRUPO LAR,QANTUA,1,I-SS101,47.44,dormitorios; precio; vista
URBANA,S14,1908,null,69.41,vista
GRUPO LAR,QANTUA,9,I-SS109,76.52,dormitorios; precio; vista
GRUPO LAR,QANTUA,10,I-SS110,76.19,dormitorios; precio; vista
GRUPO LAR,QANTUA,8,I-SS108,100.74,dormitorios; precio; vista
URBANA,S14,1101,null,66.55,vista
GRUPO LAR,QANTUA,203,J-203,40.28,dormitorios; precio; vista
GRUPO LAR,QANTUA,209,J-209,54.32,dormitorios; precio; vista
GRUPO LAR,QANTUA,611,I-611,70.65,dormitorios; precio; vista
GRUPO LAR,QANTUA,307,J-307,60.46,dormitorios; precio; vista
GRUPO LAR,QANTUA,309,J-309,54.15,dormitorios; precio; vista
GRUPO LAR,QANTUA,303,J-303,40.28,dormitorios; precio; vista
URBANA,S14,703,null,66.33,vista
GRUPO LAR,QANTUA,407,J-407,60.46,dormitorios; precio; vista
GRUPO LAR,QANTUA,408,D-408,40.89,dormitorios; precio; vista
GRUPO LAR,QANTUA,409,J-409,54.15,dormitorios; precio; vista
ALBAMAR,FLEX,2302,C,65.61,dormitorios
GRUPO LAR,QANTUA,503,J-503,40.28,dormitorios; precio; vista
GRUPO LAR,QANTUA,107,I-107,51.87,dormitorios; precio; vista
GRUPO LAR,QANTUA,610,I-610,52.31,dormitorios; precio; vista
GRUPO LAR,QANTUA,403,J-403,40.28,dormitorios; precio; vista
GRUPO LAR,QANTUA,410,J-410,63.97,dormitorios; precio; vista
ALBAMAR,FLEX,2202,C,65.61,dormitorios
ALBAMAR,FLEX,2102,C,65.61,dormitorios
IMAGINA,ALTO BELLAVISTA 1,306,DPTO B206 AL B1806,72.64,dormitorios; vista
IMAGINA,ALTO METRO PARK,2102,AX02,72.17,dormitorios
IMAGINA,ALTO METRO PARK,2003,AX03,72.41,dormitorios
IMAGINA,ALTO METRO PARK,2002,AX02,72.17,dormitorios
IMAGINA,ALTO METRO PARK,1903,AX03,72.41,dormitorios
IMAGINA,ALTO METRO PARK,1803,AX03,72.41,dormitorios
IMAGINA,ALTO METRO PARK,1802,AX02,72.17,dormitorios
IMAGINA,ALTO METRO PARK,1703,AX03,72.41,dormitorios
IMAGINA,ALTO METRO PARK,1702,AX02,72.17,dormitorios
IMAGINA,ALTO METRO PARK,1603,AX03,72.41,dormitorios
IMAGINA,ALTO METRO PARK,1602,AX02,72.17,dormitorios
IMAGINA,ALTO METRO PARK,1503,AX03,72.41,dormitorios
IMAGINA,ALTO METRO PARK,1502,AX02,72.17,dormitorios
IMAGINA,ALTO METRO PARK,1403,AX03,72.41,dormitorios
IMAGINA,ALTO METRO PARK,1402,AX02,72.17,dormitorios
IMAGINA,ALTO METRO PARK,1303,AX03,72.41,dormitorios
IMAGINA,ALTO METRO PARK,1302,AX02,72.17,dormitorios
IMAGINA,ALTO METRO PARK,1203,AX03,72.41,dormitorios
IMAGINA,ALTO METRO PARK,1202,AX02,72.17,dormitorios
IMAGINA,ALTO METRO PARK,1102,AX02,72.17,dormitorios
IMAGINA,ALTO METRO PARK,1003,AX03,72.41,dormitorios
IMAGINA,ALTO METRO PARK,902,AX02,72.17,dormitorios
IMAGINA,ALTO METRO PARK,603,AX03,72.41,dormitorios
IMAGINA,ALTO METRO PARK,503,AX03,72.41,dormitorios
IMAGINA,ALTO METRO PARK,502,AX02,72.17,dormitorios
IMAGINA,ALTO METRO PARK,403,AX03,72.41,dormitorios
IMAGINA,ALTO METRO PARK,402,AX02,72.17,dormitorios
IMAGINA,ALTO METRO PARK,303,AX03,72.41,dormitorios
IMAGINA,ALTO METRO PARK,203,AX03,72.41,dormitorios
IMAGINA,ALTO METRO PARK,2103,BX03,72.34,dormitorios
IMAGINA,ALTO METRO PARK,2102,BX02,72.17,dormitorios
IMAGINA,ALTO METRO PARK,2003,BX03,72.34,dormitorios
IMAGINA,ALTO METRO PARK,2002,BX02,72.17,dormitorios
IMAGINA,ALTO METRO PARK,1903,BX03,72.34,dormitorios
IMAGINA,ALTO METRO PARK,1902,BX02,72.17,dormitorios
IMAGINA,ALTO METRO PARK,1803,BX03,72.34,dormitorios
IMAGINA,ALTO METRO PARK,1802,BX02,72.17,dormitorios
IMAGINA,ALTO METRO PARK,1702,BX02,72.17,dormitorios
IMAGINA,ALTO METRO PARK,1703,BX03,72.34,dormitorios
IMAGINA,ALTO METRO PARK,1602,BX02,72.17,dormitorios
IMAGINA,ALTO METRO PARK,1603,BX03,72.34,dormitorios
IMAGINA,ALTO METRO PARK,1502,BX02,72.17,dormitorios
IMAGINA,ALTO METRO PARK,1503,BX03,72.34,dormitorios
IMAGINA,ALTO METRO PARK,1403,BX03,72.34,dormitorios
IMAGINA,ALTO METRO PARK,1402,BX02,72.17,dormitorios
IMAGINA,ALTO METRO PARK,1303,BX03,72.34,dormitorios
IMAGINA,ALTO METRO PARK,1302,BX02,72.17,dormitorios
IMAGINA,ALTO METRO PARK,1203,BX03,72.34,dormitorios
IMAGINA,ALTO METRO PARK,1202,BX02,72.17,dormitorios
IMAGINA,ALTO METRO PARK,1103,BX03,72.34,dormitorios
IMAGINA,ALTO METRO PARK,1102,BX02,72.17,dormitorios
IMAGINA,ALTO METRO PARK,903,BX03,72.34,dormitorios
IMAGINA,ALTO METRO PARK,902,BX02,72.17,dormitorios
IMAGINA,ALTO METRO PARK,803,BX03,72.34,dormitorios
IMAGINA,ALTO METRO PARK,703,BX03,72.34,dormitorios
IMAGINA,ALTO METRO PARK,702,BX02,72.17,dormitorios
IMAGINA,ALTO METRO PARK,603,BX03,72.34,dormitorios
IMAGINA,ALTO METRO PARK,602,BX02,72.17,dormitorios
IMAGINA,ALTO METRO PARK,403,BX03,72.34,dormitorios
IMAGINA,ALTO METRO PARK,402,BX02,72.17,dormitorios
IMAGINA,ALTO METRO PARK,303,BX03,72.34,dormitorios
IMAGINA,ALTO METRO PARK,302,BX02,72.17,dormitorios
IMAGINA,ALTO BELLAVISTA 1,302,DPTO A202 AL A1802,72.45,dormitorios; vista
IMAGINA,ALTO BELLAVISTA 1,206,DPTO B206 AL B1806,72.64,dormitorios; vista
IMAGINA,ALTO BELLAVISTA 1,202,DPTO A202 AL A1802,72.45,dormitorios; vista
IMAGINA,ALTO BELLAVISTA 2,1402,DPTO CX02,66.36,vista
IMAGINA,ALTO BELLAVISTA 2,1301,DPTO CX01,72.83,dormitorios; vista
IMAGINA,ALTO BELLAVISTA 2,1202,DPTO CX02,66.36,vista
IMAGINA,ALTO BELLAVISTA 2,902,DPTO CX02,66.36,vista
IMAGINA,ALTO BELLAVISTA 2,901,DPTO CX01,72.83,dormitorios; vista
IMAGINA,ALTO BELLAVISTA 2,806,DPTO CX06,72.64,dormitorios; vista
IMAGINA,ALTO BELLAVISTA 2,802,DPTO CX02,66.36,vista
IMAGINA,ALTO BELLAVISTA 2,708,DPTO CX08,64.26,vista
IMAGINA,ALTO BELLAVISTA 2,707,DPTO CX07,72.45,dormitorios; vista
IMAGINA,ALTO BELLAVISTA 2,706,DPTO CX06,72.64,dormitorios; vista
IMAGINA,ALTO BELLAVISTA 2,702,DPTO DX02,66.36,vista
IMAGINA,ALTO BELLAVISTA 2,702,DPTO CX02,66.36,vista
IMAGINA,ALTO BELLAVISTA 2,701,DPTO DX01,72.83,dormitorios; vista
IMAGINA,ALTO BELLAVISTA 2,608,DPTO DX08,64.26,vista
IMAGINA,ALTO BELLAVISTA 2,607,DPTO CX07,72.45,dormitorios; vista
IMAGINA,ALTO BELLAVISTA 2,604,DPTO CX04,64.19,vista
IMAGINA,ALTO BELLAVISTA 2,602,DPTO DX02,66.36,vista
IMAGINA,ALTO BELLAVISTA 2,601,DPTO DX01,72.83,dormitorios; vista
IMAGINA,ALTO BELLAVISTA 2,601,DPTO CX01,72.83,dormitorios; vista
IMAGINA,ALTO BELLAVISTA 2,508,DPTO DX08,64.26,vista
IMAGINA,ALTO BELLAVISTA 2,508,DPTO CX08,64.26,vista
IMAGINA,ALTO BELLAVISTA 2,507,DPTO CX07,72.45,dormitorios; vista
IMAGINA,ALTO BELLAVISTA 2,506,DPTO CX06,72.64,dormitorios; vista
IMAGINA,ALTO BELLAVISTA 2,505,DPTO CX05,64.12,vista
IMAGINA,ALTO BELLAVISTA 2,502,DPTO DX02,66.36,vista
IMAGINA,ALTO BELLAVISTA 2,502,DPTO CX02,66.36,vista
IMAGINA,ALTO BELLAVISTA 2,501,DPTO DX01,72.83,dormitorios; vista
IMAGINA,ALTO BELLAVISTA 2,501,DPTO CX01,72.83,dormitorios; vista
IMAGINA,ALTO BELLAVISTA 2,408,DPTO DX08,64.26,vista
IMAGINA,ALTO BELLAVISTA 2,406,DPTO CX06,72.64,dormitorios; vista
IMAGINA,ALTO BELLAVISTA 2,405,DPTO DX05,64.12,vista
IMAGINA,ALTO BELLAVISTA 2,405,DPTO CX05,64.12,vista
IMAGINA,ALTO BELLAVISTA 2,404,DPTO DX04,64.19,vista
IMAGINA,ALTO BELLAVISTA 2,404,DPTO CX04,64.19,vista
IMAGINA,ALTO BELLAVISTA 2,403,DPTO DX03,63.97,vista
IMAGINA,ALTO BELLAVISTA 2,403,DPTO CX03,63.97,vista
IMAGINA,ALTO BELLAVISTA 2,402,DPTO DX02,66.36,vista
IMAGINA,ALTO BELLAVISTA 2,402,DPTO CX02,66.36,vista
IMAGINA,ALTO BELLAVISTA 2,308,DPTO DX08,64.26,vista
IMAGINA,ALTO BELLAVISTA 2,308,DPTO CX08,64.26,vista
IMAGINA,ALTO BELLAVISTA 2,307,DPTO DX07,72.45,dormitorios; vista
IMAGINA,ALTO BELLAVISTA 2,307,DPTO CX07,72.45,dormitorios; vista
IMAGINA,ALTO BELLAVISTA 2,306,DPTO CX06,72.64,dormitorios; vista
IMAGINA,ALTO BELLAVISTA 2,305,DPTO DX05,64.12,vista
IMAGINA,ALTO BELLAVISTA 2,305,DPTO CX05,64.12,vista
IMAGINA,ALTO BELLAVISTA 2,304,DPTO CX04,64.19,vista
IMAGINA,ALTO BELLAVISTA 2,303,DPTO DX03,63.97,vista
IMAGINA,ALTO BELLAVISTA 2,302,DPTO DX02,66.36,vista
IMAGINA,ALTO BELLAVISTA 2,302,DPTO CX02,66.36,vista
IMAGINA,ALTO BELLAVISTA 2,301,DPTO DX01,72.83,dormitorios; vista
IMAGINA,ALTO BELLAVISTA 2,301,DPTO CX01,72.83,dormitorios; vista
IMAGINA,ALTO BELLAVISTA 2,208,DPTO CX08,64.26,vista
IMAGINA,ALTO BELLAVISTA 2,207,DPTO CX07,72.45,dormitorios; vista
IMAGINA,ALTO BELLAVISTA 2,206,DPTO DX06,72.64,dormitorios; vista
IMAGINA,ALTO BELLAVISTA 2,206,DPTO CX06,72.64,dormitorios; vista
IMAGINA,ALTO BELLAVISTA 2,205,DPTO CX05,64.12,vista
IMAGINA,ALTO BELLAVISTA 2,204,DPTO DX04,64.19,vista
IMAGINA,ALTO BELLAVISTA 2,204,DPTO CX04,64.19,vista
IMAGINA,ALTO BELLAVISTA 2,203,DPTO CX03,63.97,vista
IMAGINA,ALTO BELLAVISTA 2,202,DPTO DX02,66.36,vista
IMAGINA,ALTO BELLAVISTA 2,202,DPTO CX02,66.36,vista
ALBAMAR,GRAN CORNEJO,2108,H,52.71,dormitorios
ALBAMAR,GRAN CORNEJO,2008,H,52.71,dormitorios
ALBAMAR,GRAN CORNEJO,1908,H,52.71,dormitorios
ALBAMAR,GRAN CORNEJO,1808,H,52.71,dormitorios
ALBAMAR,GRAN CORNEJO,1708,H,52.71,dormitorios
ALBAMAR,GRAN CORNEJO,1608,H,52.71,dormitorios
ALBAMAR,GRAN CORNEJO,1508,H,52.71,dormitorios
ALBAMAR,GRAN CORNEJO,1408,H,52.71,dormitorios
ALBAMAR,GRAN CORNEJO,1308,H,52.71,dormitorios
ALBAMAR,GRAN CORNEJO,1208,H,52.71,dormitorios
ALBAMAR,GRAN CORNEJO,1108,H,52.71,dormitorios
ALBAMAR,GRAN CORNEJO,1008,H,52.71,dormitorios
ALBAMAR,GRAN CORNEJO,908,H,52.71,dormitorios
ALBAMAR,GRAN CORNEJO,808,H,52.71,dormitorios
ALBAMAR,GRAN CORNEJO,708,H,52.71,dormitorios
ALBAMAR,GRAN CORNEJO,608,H,52.71,dormitorios
ALBAMAR,GRAN CORNEJO,508,H,52.71,dormitorios
ALBAMAR,GRAN CORNEJO,408,H,52.71,dormitorios
ALBAMAR,GRAN CORNEJO,308,H,52.71,dormitorios
ALBAMAR,GRAN CORNEJO,208,H,64.36,dormitorios
ALBAMAR,GRAN CORNEJO,1707,G,2026-12-29 00:00:00,area
ALBAMAR,GRAN CORNEJO,1607,G,2026-12-29 00:00:00,area
ALBAMAR,GRAN CORNEJO,1507,G,2026-12-29 00:00:00,area
ALBAMAR,GRAN CORNEJO,1407,G,2026-12-29 00:00:00,area
ALBAMAR,GRAN CORNEJO,1307,G,2026-12-29 00:00:00,area
ALBAMAR,GRAN CORNEJO,1207,G,2026-12-29 00:00:00,area
ALBAMAR,GRAN CORNEJO,1107,G,2026-12-29 00:00:00,area
ALBAMAR,GRAN CORNEJO,1007,G,2026-12-29 00:00:00,area
ALBAMAR,GRAN CORNEJO,907,G,2026-12-29 00:00:00,area
ALBAMAR,GRAN CORNEJO,807,G,2026-12-29 00:00:00,area
ALBAMAR,GRAN CORNEJO,707,G,2026-12-29 00:00:00,area
ALBAMAR,GRAN CORNEJO,607,G,2026-12-29 00:00:00,area
ALBAMAR,GRAN CORNEJO,507,G,2026-12-29 00:00:00,area
ALBAMAR,GRAN CORNEJO,407,G,2026-12-29 00:00:00,area
ALBAMAR,QUADRA,1608,I,67.4,dormitorios
ALBAMAR,QUADRA,1508,I,67.4,dormitorios
ALBAMAR,QUADRA,1408,I,67.4,dormitorios
ALBAMAR,QUADRA,1308,I,67.4,dormitorios
ALBAMAR,QUADRA,1208,I,67.4,dormitorios
ALBAMAR,QUADRA,1108,I,67.4,dormitorios
ALBAMAR,QUADRA,908,I,67.4,dormitorios
ALBAMAR,QUADRA,808,I,67.4,dormitorios
ALBAMAR,QUADRA,708,I,67.4,dormitorios
ALBAMAR,QUADRA,608,I,67.4,dormitorios
ALBAMAR,QUADRA,508,I,67.4,dormitorios
ALBAMAR,QUADRA,408,I,67.4,dormitorios
ALBAMAR,QUADRA,2007,A,56.07,dormitorios
ALBAMAR,QUADRA,1907,A,56.07,dormitorios
ALBAMAR,QUADRA,1607,A,56.07,dormitorios
ALBAMAR,QUADRA,1507,A,56.07,dormitorios
ALBAMAR,QUADRA,1407,A,56.07,dormitorios
ALBAMAR,QUADRA,1307,A,56.07,dormitorios
ALBAMAR,QUADRA,1207,A,56.07,dormitorios
ALBAMAR,QUADRA,1107,A,56.07,dormitorios
ALBAMAR,QUADRA,1007,A,56.07,dormitorios
ALBAMAR,QUADRA,907,A,56.07,dormitorios
ALBAMAR,QUADRA,807,A,56.07,dormitorios
ALBAMAR,QUADRA,707,A,56.07,dormitorios
ALBAMAR,QUADRA,607,A,56.07,dormitorios
ALBAMAR,QUADRA,507,A,56.07,dormitorios
ALBAMAR,QUADRA,307,A,56.07,dormitorios
ALBAMAR,QUADRA,207,A,56.07,dormitorios
ALBAMAR,GRAN CORNEJO,2104,D,52.61,dormitorios
ALBAMAR,GRAN CORNEJO,2004,D,52.61,dormitorios
ALBAMAR,GRAN CORNEJO,1904,D,52.61,dormitorios
ALBAMAR,GRAN CORNEJO,1704,D,52.61,dormitorios
ALBAMAR,GRAN CORNEJO,1604,D,52.61,dormitorios
ALBAMAR,GRAN CORNEJO,1504,D,52.61,dormitorios
ALBAMAR,GRAN CORNEJO,1404,D,52.61,dormitorios
ALBAMAR,GRAN CORNEJO,1304,D,52.61,dormitorios
ALBAMAR,GRAN CORNEJO,1204,D,52.61,dormitorios
ALBAMAR,GRAN CORNEJO,1104,D,52.61,dormitorios
ALBAMAR,GRAN CORNEJO,1004,D,52.61,dormitorios
ALBAMAR,GRAN CORNEJO,904,D,52.61,dormitorios
ALBAMAR,GRAN CORNEJO,804,D,52.61,dormitorios
ALBAMAR,GRAN CORNEJO,704,D,52.61,dormitorios
ALBAMAR,GRAN CORNEJO,604,D,52.61,dormitorios
ALBAMAR,GRAN CORNEJO,504,D,52.61,dormitorios
ALBAMAR,GRAN CORNEJO,404,D,52.61,dormitorios
ALBAMAR,GRAN CORNEJO,304,D,52.61,dormitorios
BARRIO NUEVO,KURA DEL BARRIO,1502,TIPO X2,48.79,entrega
BARRIO NUEVO,KURA DEL BARRIO,1302,TIPO X2,48.79,entrega
BARRIO NUEVO,KURA DEL BARRIO,1203,TIPO X3,50.21,entrega
BARRIO NUEVO,KURA DEL BARRIO,1202,TIPO X2,48.79,entrega
BARRIO NUEVO,KURA DEL BARRIO,1201,TIPO X1,59.05,entrega
BARRIO NUEVO,KURA DEL BARRIO,1103,TIPO X3,50.21,entrega
BARRIO NUEVO,KURA DEL BARRIO,1102,TIPO X2,48.79,entrega
BARRIO NUEVO,KURA DEL BARRIO,1003,TIPO X3,50.21,entrega
BARRIO NUEVO,KURA DEL BARRIO,1002,TIPO X2,48.79,entrega
BARRIO NUEVO,KURA DEL BARRIO,903,TIPO X3,50.21,entrega
BARRIO NUEVO,KURA DEL BARRIO,902,TIPO X2,48.79,entrega
BARRIO NUEVO,KURA DEL BARRIO,803,TIPO X3,50.21,entrega
BARRIO NUEVO,KURA DEL BARRIO,802,TIPO X2,48.79,entrega
BARRIO NUEVO,KURA DEL BARRIO,703,TIPO X3,50.21,entrega
BARRIO NUEVO,KURA DEL BARRIO,603,TIPO X3,50.44,entrega
BARRIO NUEVO,KURA DEL BARRIO,503,TIPO X3,50.44,entrega
BARRIO NUEVO,KURA DEL BARRIO,403,TIPO X3,50.44,entrega
BARRIO NUEVO,KURA DEL BARRIO,402,TIPO X2,48.79,entrega
BARRIO NUEVO,KURA DEL BARRIO,303,TIPO X3,50.44,entrega
BARRIO NUEVO,KURA DEL BARRIO,302,TIPO X2,48.79,entrega
BARRIO NUEVO,KURA DEL BARRIO,202,TIPO X2,48.79,entrega
FRANCA,PRESTON,1903,3,59.36,entrega
FRANCA,PRESTON,1803,3,59.36,entrega
FRANCA,PRESTON,1703,3,59.36,entrega
FRANCA,PRESTON,1702,2,56.14,entrega
FRANCA,PRESTON,1604,4,40.2,entrega
FRANCA,PRESTON,1603,3,60.93,entrega
FRANCA,PRESTON,1602,2,56.14,entrega
FRANCA,PRESTON,1404,4,40.2,entrega
FRANCA,PRESTON,1304,4,40.2,entrega
FRANCA,PRESTON,1106,6,30.53,entrega
FRANCA,PRESTON,1105,5,39.39,entrega
FRANCA,PRESTON,1104,4,40.2,entrega
FRANCA,PRESTON,1102,2,56.14,entrega
FRANCA,PRESTON,1005,5,39.39,entrega
FRANCA,PRESTON,1004,4,40.2,entrega
INVENT,PATRIA,403,X03,74.3,dormitorios; precio; vista
INVENT,PATRIA,402,X02,72.83,dormitorios; precio; vista
INVENT,PATRIA,303,X03,74.3,dormitorios; precio; vista
INVENT,PATRIA,302,X02,72.83,dormitorios; precio; vista
FRANCA,PRESTON,1002,2,56.14,entrega
FRANCA,PRESTON,903,3,60.93,entrega
FRANCA,PRESTON,902,2,56.14,entrega
GRUPO T&C,ASPIRIA,1301,TIPO 1_301 AL 1301,59.12,dormitorios
GDC,CASA BARRANCO 195,704,TIPO 4 (X03),56.07,vista
GDC,CASA BARRANCO 195,803,TIPO 3 (X03),55.42,vista
GDC,CASA BARRANCO 195,504,TIPO 4 (X02),54.89,vista
GDC,CASA BARRANCO 195,304,TIPO 4 (X02),54.89,vista
GDC,CASA BARRANCO 195,204,TIPO 4 (X01),55.41,vista
GDC,CASA BARRANCO 695,802,TIPO 6,89.25,vista
GRUPO T&C,CATALINO,110,PENDIENTE,70,dormitorios; banco
FRANCA,PRESTON,702,2,56.14,entrega
